CountYear,RoostCountStatusID,TotalCount,SpeciesID,FirstYear,RoostID
2017,Bats were present and counts were carried out,107,Pipistrellus pygmaeus,2017,39
2017,Bats were present and counts were carried out,154,Pipistrellus pygmaeus,2017,39
2017,Bats were present and counts were carried out,122,Rhinolophus hipposideros,1994,349
2017,Bats were present and counts were carried out,124,Rhinolophus hipposideros,1994,349
2017,Bats were present and counts were carried out,431,Rhinolophus hipposideros,1998,644
2017,Bats were present and counts were carried out,294,Rhinolophus hipposideros,1989,1211
2017,Bats were present and counts were carried out,263,Pipistrellus pygmaeus,2006,2208
2017,Bats were present and counts were carried out,96,Pipistrellus pygmaeus,2006,2208
2017,Bats were present and counts were carried out,175,Pipistrellus pygmaeus,2006,2208
2017,Bats were present and counts were carried out,109,Pipistrellus pygmaeus,1999,3865
2017,Bats were present and counts were carried out,24,Pipistrellus pygmaeus,1988,4118
2017,Bats were present and counts were carried out,25,Pipistrellus pygmaeus,1988,4118
2017,Bats were present and counts were carried out,376,Pipistrellus pygmaeus,1988,4118
2017,Bats were present and counts were carried out,290,Rhinolophus hipposideros,1993,4137
2017,Bats were present and counts were carried out,128,Pipistrellus pygmaeus,NA,5762
2017,Bats were present and counts were carried out,181,Pipistrellus pygmaeus,NA,5762
2017,Bats were present and counts were carried out,724,Rhinolophus hipposideros,2003,5769
2017,Bats were present and counts were carried out,758,Rhinolophus hipposideros,2003,5769
2017,Bats were present and counts were carried out,640,Rhinolophus hipposideros,2003,5769
2017,Bats were present and counts were carried out,200,Rhinolophus hipposideros,1995,5912
2017,Bats were present and counts were carried out,219,Rhinolophus hipposideros,1995,5912
2017,Bats were present and counts were carried out,2,Pipistrellus pygmaeus,2008,6210
2017,Bats were present and counts were carried out,1,Pipistrellus pygmaeus,2008,6210
2017,Bats were present and counts were carried out,165,Pipistrellus pygmaeus,1997,6395
2017,Bats were present and counts were carried out,94,Pipistrellus pygmaeus,1997,6395
2017,Bats were present and counts were carried out,98,Rhinolophus hipposideros,NA,6499
2017,Bats were present and counts were carried out,304,Pipistrellus pygmaeus,NA,7003
2017,Bats were present and counts were carried out,106,Pipistrellus pygmaeus,2012,7228
2017,Bats were present and counts were carried out,544,Pipistrellus pygmaeus,NA,7490
2017,Bats were present and counts were carried out,25,Pipistrellus pygmaeus,NA,7895
2017,Bats were present and counts were carried out,14,Pipistrellus pygmaeus,NA,7895
2017,Bats were present and counts were carried out,22,Rhinolophus hipposideros,1997,8423
2017,Bats were present and counts were carried out,13,Rhinolophus hipposideros,1997,8423
2017,Bats were present and counts were carried out,16,Rhinolophus hipposideros,1997,8423
2017,Bats were present and counts were carried out,40,Rhinolophus hipposideros,1990,8676
2017,Bats were present and counts were carried out,19,Rhinolophus hipposideros,1990,8676
2017,Bats were present and counts were carried out,178,Rhinolophus hipposideros,1993,9056
2017,Bats were present and counts were carried out,127,Rhinolophus hipposideros,1993,9056
2017,Bats were present and counts were carried out,7,Rhinolophus hipposideros,1994,9344
2017,Bats were present and counts were carried out,89,Rhinolophus hipposideros,2010,9875
2017,Bats were present and counts were carried out,124,Rhinolophus hipposideros,2010,9875
2017,Bats were present and counts were carried out,102,Rhinolophus hipposideros,2003,9923
2017,Bats were present and counts were carried out,122,Rhinolophus hipposideros,2003,9923
2017,Bats were present and counts were carried out,46,Rhinolophus hipposideros,2003,9923
2017,Bats were present and counts were carried out,41,Rhinolophus hipposideros,NA,12225
2017,Bats were present and counts were carried out,18,Rhinolophus hipposideros,1994,12788
2017,Bats were present and counts were carried out,1,Rhinolophus hipposideros,1994,12788
2017,Bats were present and counts were carried out,75,Rhinolophus hipposideros,NA,13058
2017,Bats were present and counts were carried out,34,Rhinolophus hipposideros,NA,13058
2017,Bats were present and counts were carried out,69,Rhinolophus hipposideros,NA,13058
2017,Bats were present and counts were carried out,331,Rhinolophus hipposideros,1995,13382
2017,Bats were present and counts were carried out,349,Rhinolophus hipposideros,1995,13382
2017,Bats were present and counts were carried out,324,Rhinolophus hipposideros,1995,13382
2017,Bats were present and counts were carried out,83,Rhinolophus hipposideros,NA,13864
2017,Bats were present and counts were carried out,100,Rhinolophus hipposideros,NA,13864
2017,Bats were present and counts were carried out,161,Rhinolophus hipposideros,1993,13989
2017,Bats were present and counts were carried out,112,Rhinolophus hipposideros,NA,14884
2017,Bats were present and counts were carried out,103,Rhinolophus hipposideros,NA,14884
2017,Bats were present and counts were carried out,201,Rhinolophus hipposideros,1995,14889
2017,Bats were present and counts were carried out,160,Rhinolophus hipposideros,1995,14889
2017,Bats were present and counts were carried out,769,Pipistrellus pygmaeus,1996,15468
2017,Bats were present and counts were carried out,710,Pipistrellus pygmaeus,1996,15468
2017,Bats were present and counts were carried out,84,Rhinolophus hipposideros,NA,15478
2017,Bats were present and counts were carried out,50,Rhinolophus hipposideros,NA,15478
2017,Bats were present and counts were carried out,197,Pipistrellus pygmaeus,2017,15838
2017,Bats were present and counts were carried out,204,Pipistrellus pygmaeus,2017,15838
2017,Bats were present and counts were carried out,47,Rhinolophus hipposideros,2014,18607
2017,Bats were present and counts were carried out,44,Rhinolophus hipposideros,2014,18607
2017,Bats were present and counts were carried out,48,Rhinolophus hipposideros,2014,18607
2017,Bats were present and counts were carried out,4,Pipistrellus pygmaeus,2010,18834
2017,Bats were present and counts were carried out,4,Pipistrellus pygmaeus,2010,18834
2017,Bats were present and counts were carried out,249,Pipistrellus pygmaeus,2005,19693
2017,Bats were present and counts were carried out,84,Rhinolophus hipposideros,NA,19739
2017,Bats were present and counts were carried out,92,Rhinolophus hipposideros,NA,19739
2017,Bats were present and counts were carried out,91,Rhinolophus hipposideros,NA,20681
2017,Bats were present and counts were carried out,95,Rhinolophus hipposideros,NA,20681
2017,Bats were present and counts were carried out,205,Pipistrellus pygmaeus,1973,20694
2017,Bats were present and counts were carried out,205,Pipistrellus pygmaeus,1973,20694
2017,Bats were present and counts were carried out,266,Rhinolophus hipposideros,2004,20941
2017,Bats were present and counts were carried out,303,Rhinolophus hipposideros,2004,20941
2017,Bats were present and counts were carried out,310,Rhinolophus hipposideros,2004,20941
2017,Bats were present and counts were carried out,289,Rhinolophus hipposideros,1993,21095
2017,Bats were present and counts were carried out,300,Rhinolophus hipposideros,1993,21095
2017,Bats were present and counts were carried out,358,Rhinolophus hipposideros,1993,21521
2017,Bats were present and counts were carried out,291,Rhinolophus hipposideros,1993,21521
2017,Bats were present and counts were carried out,47,Rhinolophus hipposideros,1999,21655
2017,Bats were present and counts were carried out,66,Rhinolophus hipposideros,1999,21655
2017,Bats were present and counts were carried out,63,Rhinolophus hipposideros,1999,21655
2017,Bats were present and counts were carried out,232,Rhinolophus hipposideros,1977,22198
2017,Bats were present and counts were carried out,241,Rhinolophus hipposideros,1977,22198
2017,Bats were present and counts were carried out,667,Pipistrellus pygmaeus,2012,22281
2017,Bats were present and counts were carried out,647,Pipistrellus pygmaeus,2012,22281
2017,Bats were present and counts were carried out,15,Rhinolophus hipposideros,NA,22529
2017,Bats were present and counts were carried out,5,Rhinolophus hipposideros,NA,22529
2017,Bats were present and counts were carried out,1309,Pipistrellus pygmaeus,NA,22544
2017,Bats were present and counts were carried out,792,Pipistrellus pygmaeus,NA,22544
2017,Bats were present and counts were carried out,1148,Pipistrellus pygmaeus,NA,22544
2017,Bats were present and counts were carried out,1096,Pipistrellus pygmaeus,NA,22544
2017,Bats were present and counts were carried out,49,Rhinolophus hipposideros,NA,22586
2017,Bats were present and counts were carried out,35,Rhinolophus hipposideros,NA,22586
2017,Bats were present and counts were carried out,51,Rhinolophus hipposideros,NA,22586
2017,Bats were present and counts were carried out,32,Rhinolophus hipposideros,2006,22651
2017,Bats were present and counts were carried out,28,Rhinolophus hipposideros,2006,22651
2017,Bats were present and counts were carried out,11,Rhinolophus hipposideros,NA,23147
2017,Bats were present and counts were carried out,2,Rhinolophus hipposideros,NA,23147
2017,Bats were present and counts were carried out,5,Rhinolophus hipposideros,NA,23499
2017,Bats were present and counts were carried out,11,Rhinolophus hipposideros,NA,23499
2017,Bats were present and counts were carried out,42,Rhinolophus hipposideros,1994,23544
2017,Bats were present and counts were carried out,21,Rhinolophus hipposideros,1994,23544
2017,Bats were present and counts were carried out,20,Rhinolophus hipposideros,1994,23544
2017,Bats were present and counts were carried out,461,Pipistrellus pygmaeus,1985,23761
2017,Bats were present and counts were carried out,428,Pipistrellus pygmaeus,1985,23761
2017,Bats were present and counts were carried out,456,Pipistrellus pygmaeus,1985,23761
2017,Bats were present and counts were carried out,1,Pipistrellus pygmaeus,1988,23899
2017,Bats were present and counts were carried out,1,Pipistrellus pygmaeus,1988,23899
2017,Bats were present and counts were carried out,15,Pipistrellus pygmaeus,1988,23899
2017,Bats were present and counts were carried out,59,Rhinolophus hipposideros,NA,25526
2017,Bats were present and counts were carried out,154,Rhinolophus hipposideros,1992,26008
2017,Bats were present and counts were carried out,120,Rhinolophus hipposideros,1992,26008
2017,Bats were present and counts were carried out,109,Rhinolophus hipposideros,1992,26008
2017,Bats were present and counts were carried out,125,Pipistrellus pygmaeus,NA,26796
2017,Bats were present and counts were carried out,126,Pipistrellus pygmaeus,NA,26796
2017,Bats were present and counts were carried out,115,Pipistrellus pygmaeus,NA,26796
2017,Bats were present and counts were carried out,168,Rhinolophus hipposideros,1986,26879
2017,Bats were present and counts were carried out,149,Rhinolophus hipposideros,1986,26879
2017,Bats were present and counts were carried out,141,Pipistrellus pygmaeus,2014,26949
2017,Bats were present and counts were carried out,189,Pipistrellus pygmaeus,2014,26949
2017,Bats were present and counts were carried out,470,Rhinolophus hipposideros,1997,26970
2017,Bats were present and counts were carried out,432,Rhinolophus hipposideros,1997,26970
2017,Bats were present and counts were carried out,102,Pipistrellus pygmaeus,2004,27036
2017,Bats were present and counts were carried out,176,Pipistrellus pygmaeus,2004,27036
2017,Bats were present and counts were carried out,170,Pipistrellus pygmaeus,2004,27036
2017,Bats were present and counts were carried out,119,Pipistrellus pygmaeus,2004,27036
2017,Bats were present and counts were carried out,0,Pipistrellus pygmaeus,2015,27158
2017,Bats were present and counts were carried out,5,Pipistrellus pygmaeus,2015,27158
2017,Bats were present and counts were carried out,569,Pipistrellus pygmaeus,NA,27255
2017,Bats were present and counts were carried out,589,Pipistrellus pygmaeus,NA,27255
2017,Bats were present and counts were carried out,383,Pipistrellus pygmaeus,NA,27255
2017,Bats were present and counts were carried out,172,Rhinolophus hipposideros,NA,27727
2017,Bats were present and counts were carried out,227,Rhinolophus hipposideros,NA,27727
2017,Bats were present and counts were carried out,252,Pipistrellus pygmaeus,2013,28453
2017,Bats were present and counts were carried out,2,Pipistrellus pygmaeus,1980,28838
2017,Bats were present and counts were carried out,1,Pipistrellus pygmaeus,1980,28838
2017,Bats were present and counts were carried out,0,Pipistrellus pygmaeus,1980,28838
2017,Bats were present and counts were carried out,0,Pipistrellus pygmaeus,1980,28838
2017,Bats were present and counts were carried out,71,Pipistrellus pygmaeus,1999,28915
2017,Bats were present and counts were carried out,17,Pipistrellus pygmaeus,1999,28915
2017,Bats were present and counts were carried out,16,Pipistrellus pygmaeus,2004,29047
2017,Bats were present and counts were carried out,154,Pipistrellus pygmaeus,2004,29047
2017,Bats were present and counts were carried out,8,Rhinolophus hipposideros,1994,30485
2017,Bats were present and counts were carried out,28,Rhinolophus hipposideros,1994,30485
2017,Bats were present and counts were carried out,0,Pipistrellus pygmaeus,NA,30692
2017,Bats were present and counts were carried out,0,Pipistrellus pygmaeus,NA,30692
2017,Bats were present and counts were carried out,58,Rhinolophus hipposideros,NA,30730
2017,Bats were present and counts were carried out,528,Rhinolophus hipposideros,1993,30840
2017,Bats were present and counts were carried out,543,Rhinolophus hipposideros,1993,30840
2017,Bats were present and counts were carried out,210,Rhinolophus hipposideros,1999,32567
2017,Bats were present and counts were carried out,245,Rhinolophus hipposideros,1999,32567
2017,Bats were present and counts were carried out,4,Pipistrellus pygmaeus,2001,34043
2017,Bats were present and counts were carried out,0,Pipistrellus pygmaeus,2001,34043
2017,Bats were present and counts were carried out,400,Pipistrellus pygmaeus,1997,34216
2017,Bats were present and counts were carried out,265,Pipistrellus pygmaeus,1997,34216
2017,Bats were present and counts were carried out,57,Rhinolophus hipposideros,2010,34527
2017,Bats were present and counts were carried out,73,Rhinolophus hipposideros,2010,34527
2017,Bats were present and counts were carried out,60,Rhinolophus hipposideros,2010,34527
2017,Bats were present and counts were carried out,1,Pipistrellus pygmaeus,2008,34564
2017,Bats were present and counts were carried out,0,Pipistrellus pygmaeus,2008,34564
2017,Bats were present and counts were carried out,680,Pipistrellus pygmaeus,NA,35075
2017,Bats were present and counts were carried out,341,Rhinolophus hipposideros,1994,35641
2017,Bats were present and counts were carried out,25,Rhinolophus hipposideros,1993,36012
2017,Bats were present and counts were carried out,18,Rhinolophus hipposideros,1993,36012
2017,Bats were present and counts were carried out,50,Rhinolophus hipposideros,1993,36012
2017,Bats were present and counts were carried out,251,Pipistrellus pygmaeus,1980,36508
2017,Bats were present and counts were carried out,180,Pipistrellus pygmaeus,1980,36508
2017,Bats were present and counts were carried out,67,Rhinolophus hipposideros,1998,37213
2017,Bats were present and counts were carried out,24,Rhinolophus hipposideros,1994,38258
2017,Bats were present and counts were carried out,43,Rhinolophus hipposideros,1994,38258
2017,Bats were present and counts were carried out,274,Rhinolophus hipposideros,1994,38804
2017,Bats were present and counts were carried out,421,Rhinolophus hipposideros,1994,38804
2017,Bats were present and counts were carried out,214,Rhinolophus hipposideros,1989,39393
2017,Bats were present and counts were carried out,0,Pipistrellus pygmaeus,2012,39658
2017,Bats were present and counts were carried out,2,Pipistrellus pygmaeus,2012,39658
2017,Bats were present and counts were carried out,0,Pipistrellus pygmaeus,2012,39658
2017,Bats were present and counts were carried out,5,Pipistrellus pygmaeus,2012,39658
2017,Bats were present and counts were carried out,32,Rhinolophus hipposideros,1995,39822
2017,Bats were present and counts were carried out,24,Rhinolophus hipposideros,1995,39822
2017,Bats were present and counts were carried out,56,Rhinolophus hipposideros,NA,40646
2017,Bats were present and counts were carried out,232,Pipistrellus pygmaeus,NA,41051
2017,Bats were present and counts were carried out,348,Pipistrellus pygmaeus,NA,41051
2017,Bats were present and counts were carried out,64,Pipistrellus pygmaeus,1996,41218
2017,Bats were present and counts were carried out,60,Pipistrellus pygmaeus,1996,41218
2017,Bats were present and counts were carried out,28,Rhinolophus hipposideros,2017,41712
2017,Bats were present and counts were carried out,14,Rhinolophus hipposideros,2017,41712
2017,Bats were present and counts were carried out,22,Rhinolophus hipposideros,2017,41712
2017,Bats were present and counts were carried out,414,Pipistrellus pygmaeus,1996,41830
2017,Bats were present and counts were carried out,965,Pipistrellus pygmaeus,1996,41830
2017,Bats were present and counts were carried out,625,Pipistrellus pygmaeus,1996,41830
2017,Bats were present and counts were carried out,469,Pipistrellus pygmaeus,1996,41830
2017,Bats were present and counts were carried out,28,Pipistrellus pygmaeus,2007,42046
2017,Bats were present and counts were carried out,0,Pipistrellus pygmaeus,NA,42643
2017,Bats were present and counts were carried out,236,Pipistrellus pygmaeus,NA,42643
2017,Bats were present and counts were carried out,33,Rhinolophus hipposideros,NA,43354
2017,Bats were present and counts were carried out,86,Pipistrellus pygmaeus,2014,43603
2017,Bats were present and counts were carried out,70,Pipistrellus pygmaeus,2014,43603
2017,Bats were present and counts were carried out,45,Pipistrellus pygmaeus,2014,43603
2017,Bats were present and counts were carried out,89,Pipistrellus pygmaeus,2014,43603
2017,Bats were present and counts were carried out,55,Pipistrellus pygmaeus,2014,43603
2017,Bats were present and counts were carried out,59,Pipistrellus pygmaeus,2014,43603
2017,Bats were present and counts were carried out,187,Rhinolophus hipposideros,1994,44304
2017,Bats were present and counts were carried out,172,Rhinolophus hipposideros,1994,44304
2017,Bats were present and counts were carried out,116,Rhinolophus hipposideros,1993,45993
2017,Bats were present and counts were carried out,117,Rhinolophus hipposideros,1999,46371
2017,Bats were present and counts were carried out,348,Pipistrellus pygmaeus,1970,46885
2017,Bats were present and counts were carried out,351,Pipistrellus pygmaeus,1970,46885
2017,Bats were present and counts were carried out,1,Pipistrellus pygmaeus,1989,47418
2017,Bats were present and counts were carried out,1056,Rhinolophus hipposideros,1985,47804
2017,Bats were present and counts were carried out,1061,Rhinolophus hipposideros,1985,47804
2017,Bats were present and counts were carried out,432,Pipistrellus pygmaeus,NA,47949
2017,Bats were present and counts were carried out,383,Pipistrellus pygmaeus,NA,47949
2017,Bats were present and counts were carried out,963,Pipistrellus pygmaeus,1982,48172
2017,Bats were present and counts were carried out,652,Pipistrellus pygmaeus,2006,48297
2017,Bats were present and counts were carried out,832,Pipistrellus pygmaeus,2006,48297
2017,Bats were present and counts were carried out,166,Pipistrellus pygmaeus,NA,48681
2017,Bats were present and counts were carried out,246,Pipistrellus pygmaeus,NA,48681
2017,Bats were present and counts were carried out,64,Rhinolophus hipposideros,1998,48780
2017,Bats were present and counts were carried out,57,Rhinolophus hipposideros,1998,48780
2017,Bats were present and counts were carried out,83,Rhinolophus hipposideros,1997,50109
2017,Bats were present and counts were carried out,90,Rhinolophus hipposideros,1997,50109
2017,Bats were present and counts were carried out,188,Pipistrellus pygmaeus,1997,50860
2017,Bats were present and counts were carried out,192,Pipistrellus pygmaeus,1997,50860
2017,Bats were present and counts were carried out,154,Rhinolophus hipposideros,2000,51680
2017,Bats were present and counts were carried out,132,Rhinolophus hipposideros,2000,51680
2017,Bats were present and counts were carried out,104,Rhinolophus hipposideros,2000,51680
2017,Bats were present and counts were carried out,66,Rhinolophus hipposideros,1993,52678
2017,Bats were present and counts were carried out,57,Rhinolophus hipposideros,1993,52678
2017,Bats were present and counts were carried out,67,Rhinolophus hipposideros,1993,52678
2017,Bats were present and counts were carried out,31,Pipistrellus pygmaeus,2009,52684
2017,Bats were present and counts were carried out,1,Pipistrellus pygmaeus,2009,52684
2017,Bats were present and counts were carried out,175,Rhinolophus hipposideros,1995,53095
2017,Bats were present and counts were carried out,101,Rhinolophus hipposideros,1995,53095
2017,Bats were present and counts were carried out,200,Rhinolophus hipposideros,1995,53095
2017,Bats were present and counts were carried out,2,Pipistrellus pygmaeus,2013,53243
2017,Bats were present and counts were carried out,9,Pipistrellus pygmaeus,2013,53243
2017,Bats were present and counts were carried out,17,Rhinolophus hipposideros,NA,53735
2017,Bats were present and counts were carried out,13,Rhinolophus hipposideros,NA,53735
2017,Bats were present and counts were carried out,6,Rhinolophus hipposideros,NA,53735
2017,Bats were present and counts were carried out,45,Rhinolophus hipposideros,1997,55226
2017,Bats were present and counts were carried out,45,Rhinolophus hipposideros,1997,55226
2017,Bats were present and counts were carried out,413,Rhinolophus hipposideros,1993,55230
2017,Bats were present and counts were carried out,305,Rhinolophus hipposideros,1993,55230
2017,Bats were present and counts were carried out,2,Pipistrellus pygmaeus,2000,55384
2017,Bats were present and counts were carried out,336,Pipistrellus pygmaeus,NA,55989
2017,Bats were present and counts were carried out,460,Pipistrellus pygmaeus,NA,55989
2017,Bats were present and counts were carried out,182,Rhinolophus hipposideros,1993,56270
2017,Bats were present and counts were carried out,278,Rhinolophus hipposideros,1993,56270
2017,Bats were present and counts were carried out,145,Rhinolophus hipposideros,1993,56270
2017,Bats were present and counts were carried out,129,Rhinolophus hipposideros,1995,56607
2017,Bats were present and counts were carried out,141,Rhinolophus hipposideros,1995,56607
2017,Bats were present and counts were carried out,47,Rhinolophus hipposideros,2005,57298
2017,Bats were present and counts were carried out,115,Rhinolophus hipposideros,1993,57328
2017,Bats were present and counts were carried out,80,Rhinolophus hipposideros,1994,57817
2017,Bats were present and counts were carried out,138,Rhinolophus hipposideros,1994,57817
2017,Bats were present and counts were carried out,46,Rhinolophus hipposideros,NA,58389
2017,Bats were present and counts were carried out,156,Rhinolophus hipposideros,1994,58392
2017,Bats were present and counts were carried out,175,Rhinolophus hipposideros,1994,58392
2017,Bats were present and counts were carried out,321,Rhinolophus hipposideros,NA,60246
2017,Bats were present and counts were carried out,268,Pipistrellus pygmaeus,2012,60390
2017,Bats were present and counts were carried out,193,Pipistrellus pygmaeus,2012,60390
2017,Bats were present and counts were carried out,35,Rhinolophus hipposideros,1998,60435
2017,Bats were present and counts were carried out,34,Rhinolophus hipposideros,1998,60435
2017,Bats were present and counts were carried out,28,Rhinolophus hipposideros,1998,60435
2017,Bats were present and counts were carried out,55,Rhinolophus hipposideros,1996,60482
2017,Bats were present and counts were carried out,29,Rhinolophus hipposideros,1996,60482
2017,Bats were present and counts were carried out,76,Rhinolophus hipposideros,1996,60482
2017,Bats were present and counts were carried out,98,Rhinolophus hipposideros,1996,60919
2017,Bats were present and counts were carried out,99,Rhinolophus hipposideros,1996,60919
2017,Bats were present and counts were carried out,108,Rhinolophus hipposideros,1996,60919
2017,Bats were present and counts were carried out,3,Rhinolophus hipposideros,1985,61315
2017,Bats were present and counts were carried out,23,Rhinolophus hipposideros,1985,61315
2017,Bats were present and counts were carried out,3,Rhinolophus hipposideros,1985,61315
2017,Bats were present and counts were carried out,6,Rhinolophus hipposideros,NA,62376
2017,Bats were present and counts were carried out,0,Pipistrellus pygmaeus,2008,62431
2017,Bats were present and counts were carried out,1,Pipistrellus pygmaeus,2008,62431
2017,Bats were present and counts were carried out,31,Rhinolophus hipposideros,2012,62636
2017,Bats were present and counts were carried out,28,Rhinolophus hipposideros,2012,62636
2017,Bats were present and counts were carried out,466,Pipistrellus pygmaeus,2000,62777
2017,Bats were present and counts were carried out,421,Pipistrellus pygmaeus,2000,62777
2017,Bats were present and counts were carried out,740,Pipistrellus pygmaeus,1994,62852
2017,Bats were present and counts were carried out,575,Pipistrellus pygmaeus,1994,62852
2017,Bats were present and counts were carried out,136,Pipistrellus pygmaeus,2016,62884
2017,Bats were present and counts were carried out,138,Pipistrellus pygmaeus,2016,62884
2017,Bats were present and counts were carried out,46,Rhinolophus hipposideros,2010,62967
2017,Bats were present and counts were carried out,45,Rhinolophus hipposideros,2010,62967
2017,Bats were present and counts were carried out,48,Rhinolophus hipposideros,2010,62967
2017,Bats were present and counts were carried out,177,Rhinolophus hipposideros,1993,63299
2017,Bats were present and counts were carried out,105,Rhinolophus hipposideros,1993,63299
2017,Bats were present and counts were carried out,195,Rhinolophus hipposideros,1993,63299
2017,Bats were present and counts were carried out,324,Rhinolophus hipposideros,1995,63331
2017,Bats were present and counts were carried out,354,Rhinolophus hipposideros,1995,63331
2017,Bats were present and counts were carried out,366,Rhinolophus hipposideros,1995,63331
2017,Bats were present and counts were carried out,106,Rhinolophus hipposideros,1990,63774
2017,Bats were present and counts were carried out,93,Rhinolophus hipposideros,1990,63774
2017,Bats were present and counts were carried out,656,Pipistrellus pygmaeus,NA,65676
2017,Bats were present and counts were carried out,598,Pipistrellus pygmaeus,NA,65676
2017,Bats were present and counts were carried out,44,Rhinolophus hipposideros,1986,65834
2017,Bats were present and counts were carried out,71,Rhinolophus hipposideros,1986,65834
2017,Bats were present and counts were carried out,81,Rhinolophus hipposideros,1986,65834
2017,Bats were present and counts were carried out,132,Rhinolophus hipposideros,1995,67779
2017,Bats were present and counts were carried out,127,Rhinolophus hipposideros,1995,67779
2017,Bats were present and counts were carried out,60,Rhinolophus hipposideros,NA,67990
2017,Bats were present and counts were carried out,113,Rhinolophus hipposideros,NA,67990
2017,Bats were present and counts were carried out,270,Rhinolophus hipposideros,NA,68036
2017,Bats were present and counts were carried out,32,Pipistrellus pygmaeus,2006,68185
2017,Bats were present and counts were carried out,51,Pipistrellus pygmaeus,2006,68185
2017,Bats were present and counts were carried out,60,Rhinolophus hipposideros,2002,68736
2017,Bats were present and counts were carried out,62,Rhinolophus hipposideros,2002,68736
2017,Bats were present and counts were carried out,180,Rhinolophus hipposideros,1996,69605
2017,Bats were present and counts were carried out,141,Rhinolophus hipposideros,2006,69933
2017,Bats were present and counts were carried out,55,Rhinolophus hipposideros,NA,70518
2017,Bats were present and counts were carried out,84,Rhinolophus hipposideros,NA,70518
2017,Bats were present and counts were carried out,72,Rhinolophus hipposideros,NA,70518
2017,Bats were present and counts were carried out,23,Pipistrellus pygmaeus,1985,70626
2017,Bats were present and counts were carried out,200,Pipistrellus pygmaeus,2014,71423
2017,Bats were present and counts were carried out,102,Pipistrellus pygmaeus,NA,72489
2017,Bats were present and counts were carried out,93,Pipistrellus pygmaeus,2009,72745
2017,Bats were present and counts were carried out,95,Pipistrellus pygmaeus,2009,72745
2017,Bats were present and counts were carried out,29,Pipistrellus pygmaeus,2010,72809
2017,Bats were present and counts were carried out,16,Pipistrellus pygmaeus,2010,72809
2017,Bats were present and counts were carried out,22,Pipistrellus pygmaeus,NA,72874
2017,Bats were present and counts were carried out,2,Rhinolophus hipposideros,1994,73141
2017,Bats were present and counts were carried out,254,Pipistrellus pygmaeus,2008,73268
2017,Bats were present and counts were carried out,707,Pipistrellus pygmaeus,2010,73794
2017,Bats were present and counts were carried out,579,Pipistrellus pygmaeus,2010,73794
2017,Bats were present and counts were carried out,68,Rhinolophus hipposideros,NA,74025
2017,Bats were present and counts were carried out,190,Pipistrellus pygmaeus,2015,74481
2017,Bats were present and counts were carried out,211,Pipistrellus pygmaeus,2015,74481
2017,Bats were present and counts were carried out,59,Rhinolophus hipposideros,NA,74626
2017,Bats were present and counts were carried out,75,Rhinolophus hipposideros,NA,74626
2017,Bats were present and counts were carried out,46,Pipistrellus pygmaeus,2017,75063
2017,Bats were present and counts were carried out,101,Rhinolophus hipposideros,NA,77090
2017,Bats were present and counts were carried out,109,Rhinolophus hipposideros,NA,77090
2017,Bats were present and counts were carried out,123,Rhinolophus hipposideros,NA,77090
2017,Bats were present and counts were carried out,121,Rhinolophus hipposideros,1999,77837
2017,Bats were present and counts were carried out,97,Rhinolophus hipposideros,1996,78338
2017,Bats were present and counts were carried out,43,Rhinolophus hipposideros,1996,78726
2017,Bats were present and counts were carried out,55,Rhinolophus hipposideros,1996,78726
2017,Bats were present and counts were carried out,18,Pipistrellus pygmaeus,1997,78994
2017,Bats were present and counts were carried out,95,Pipistrellus pygmaeus,1997,78994
2017,Bats were present and counts were carried out,70,Rhinolophus hipposideros,1993,80089
2017,Bats were present and counts were carried out,88,Rhinolophus hipposideros,1993,80089
2017,Bats were present and counts were carried out,78,Rhinolophus hipposideros,1993,80089
2017,Bats were present and counts were carried out,91,Rhinolophus hipposideros,1993,80266
2017,Bats were present and counts were carried out,2,Rhinolophus hipposideros,2005,80864
2017,Bats were present and counts were carried out,46,Rhinolophus hipposideros,1995,81502
2017,Bats were present and counts were carried out,36,Rhinolophus hipposideros,1995,81502
2017,Bats were present and counts were carried out,34,Rhinolophus hipposideros,1995,81502
2017,Bats were present and counts were carried out,437,Rhinolophus hipposideros,1990,81877
2017,Bats were present and counts were carried out,460,Rhinolophus hipposideros,1990,81877
2017,Bats were present and counts were carried out,66,Rhinolophus hipposideros,NA,82062
2017,Bats were present and counts were carried out,72,Rhinolophus hipposideros,NA,82062
2017,Bats were present and counts were carried out,0,Pipistrellus pygmaeus,NA,82411
2017,Bats were present and counts were carried out,502,Pipistrellus pygmaeus,NA,82411
2017,Bats were present and counts were carried out,476,Pipistrellus pygmaeus,1987,82693
2017,Bats were present and counts were carried out,413,Pipistrellus pygmaeus,1987,82693
2017,Bats were present and counts were carried out,77,Pipistrellus pygmaeus,2000,83151
2017,Bats were present and counts were carried out,98,Pipistrellus pygmaeus,NA,83857
2017,Bats were present and counts were carried out,132,Rhinolophus hipposideros,1998,83864
2017,Bats were present and counts were carried out,53,Rhinolophus hipposideros,1998,83864
2017,Bats were present and counts were carried out,1050,Pipistrellus pygmaeus,NA,84027
2017,Bats were present and counts were carried out,70,Rhinolophus hipposideros,2012,84296
2017,Bats were present and counts were carried out,66,Rhinolophus hipposideros,2012,84296
2017,Bats were present and counts were carried out,62,Rhinolophus hipposideros,2012,84296
2017,Bats were present and counts were carried out,86,Rhinolophus hipposideros,2008,84311
2017,Bats were present and counts were carried out,244,Rhinolophus hipposideros,2008,84311
2017,Bats were present and counts were carried out,251,Rhinolophus hipposideros,2008,84311
2017,Bats were present and counts were carried out,183,Rhinolophus hipposideros,2009,84941
2017,Bats were present and counts were carried out,108,Rhinolophus hipposideros,2009,84941
2017,Bats were present and counts were carried out,141,Rhinolophus hipposideros,2009,84941
2017,Bats were present and counts were carried out,216,Rhinolophus hipposideros,1983,85168
2017,Bats were present and counts were carried out,19,Pipistrellus pygmaeus,2002,87334
2017,Bats were present and counts were carried out,444,Pipistrellus pygmaeus,2002,87334
2017,Bats were present and counts were carried out,127,Rhinolophus hipposideros,2012,88616
2017,Bats were present and counts were carried out,142,Rhinolophus hipposideros,2012,88616
2017,Bats were present and counts were carried out,259,Rhinolophus hipposideros,NA,89865
2017,Bats were present and counts were carried out,52,Rhinolophus hipposideros,NA,90208
2017,Bats were present and counts were carried out,40,Rhinolophus hipposideros,NA,90208
2017,Bats were present and counts were carried out,26,Rhinolophus hipposideros,NA,90705
2017,Bats were present and counts were carried out,60,Rhinolophus hipposideros,NA,90705
2017,Bats were present and counts were carried out,64,Rhinolophus hipposideros,1984,92633
2017,Bats were present and counts were carried out,47,Rhinolophus hipposideros,1984,92633
2017,Bats were present and counts were carried out,66,Rhinolophus hipposideros,1984,92633
2017,Bats were present and counts were carried out,523,Pipistrellus pygmaeus,NA,92711
2017,Bats were present and counts were carried out,575,Pipistrellus pygmaeus,NA,92711
2017,Bats were present and counts were carried out,4,Pipistrellus pygmaeus,2000,92981
2017,Bats were present and counts were carried out,4,Pipistrellus pygmaeus,2000,92981
2017,Bats were present and counts were carried out,247,Pipistrellus pygmaeus,1979,93013
2017,Bats were present and counts were carried out,179,Rhinolophus hipposideros,1993,93456
2017,Bats were present and counts were carried out,173,Rhinolophus hipposideros,1993,93456
2017,Bats were present and counts were carried out,128,Rhinolophus hipposideros,NA,93820
2017,Bats were present and counts were carried out,70,Rhinolophus hipposideros,1993,94185
2017,Bats were present and counts were carried out,6,Rhinolophus hipposideros,1993,94185
2017,Bats were present and counts were carried out,42,Rhinolophus hipposideros,1993,94185
2017,Bats were present and counts were carried out,163,Pipistrellus pygmaeus,2001,94544
2017,Bats were present and counts were carried out,134,Rhinolophus hipposideros,2017,95133
2017,Bats were present and counts were carried out,77,Rhinolophus hipposideros,2017,95133
2017,Bats were present and counts were carried out,140,Rhinolophus hipposideros,NA,95150
2017,Bats were present and counts were carried out,207,Rhinolophus hipposideros,1998,95574
2017,Bats were present and counts were carried out,190,Rhinolophus hipposideros,1998,95574
2017,Bats were present and counts were carried out,0,Pipistrellus pygmaeus,1998,95599
2017,Bats were present and counts were carried out,243,Pipistrellus pygmaeus,1998,95599
2017,Bats were present and counts were carried out,52,Rhinolophus hipposideros,2014,95811
2017,Bats were present and counts were carried out,68,Rhinolophus hipposideros,2014,95811
2017,Bats were present and counts were carried out,9,Rhinolophus hipposideros,NA,96648
2017,Bats were present and counts were carried out,11,Rhinolophus hipposideros,NA,96648
2017,Bats were present and counts were carried out,52,Rhinolophus hipposideros,NA,97773
2017,Bats were present and counts were carried out,176,Pipistrellus pygmaeus,2008,97807
2017,Bats were present and counts were carried out,173,Pipistrellus pygmaeus,2008,97807
2017,Bats were present and counts were carried out,410,Rhinolophus hipposideros,1995,97914
2017,Bats were present and counts were carried out,371,Rhinolophus hipposideros,1995,97914
2017,Bats were present and counts were carried out,410,Rhinolophus hipposideros,1995,97914
2017,Bats were present and counts were carried out,0,Pipistrellus pygmaeus,2000,98097
2017,Bats were present and counts were carried out,356,Rhinolophus hipposideros,1994,98616
2017,Bats were present and counts were carried out,323,Rhinolophus hipposideros,1994,98616
2017,Bats were present and counts were carried out,136,Rhinolophus hipposideros,1995,98657
2017,Bats were present and counts were carried out,96,Rhinolophus hipposideros,1995,98657
2017,Bats were present and counts were carried out,97,Rhinolophus hipposideros,1995,98657
2017,Bats were present and counts were carried out,135,Rhinolophus hipposideros,NA,98663
2017,Bats were present and counts were carried out,45,Pipistrellus pygmaeus,2010,98755
2017,Bats were present and counts were carried out,239,Pipistrellus pygmaeus,2004,98802
2017,Bats were present and counts were carried out,148,Rhinolophus hipposideros,1993,99016
2017,Bats were present and counts were carried out,108,Rhinolophus hipposideros,NA,99612
2017,Bats were present and counts were carried out,112,Rhinolophus hipposideros,NA,99612
2017,Bats were present and counts were carried out,104,Rhinolophus hipposideros,NA,99612
2017,Bats were present and counts were carried out,155,Pipistrellus pygmaeus,2016,99729
2017,Bats were present and counts were carried out,48,Pipistrellus pygmaeus,2016,99729
2017,Bats were present and counts were carried out,120,Pipistrellus pygmaeus,2016,99729
