"id","pet_name","latin_name","city","colour","participant_age","participant_gender","participant_siblings","head_height","head_lateral","head_front","snout_length","snout_height","snout_width","ear_length","nose_width","nose_height","eye_diameter","head_body_length","chest_length","chest_height","front_leg_length","hind_leg_length","manipulate","fur_thickness","fur_sofness","touch","smell","smiling","posture","stranger_comfort","owner_comfort"
"1001","Citronelle","Nunursus citronellus","paris","7",29,"1",0,6.05,8.35,5.99,0.6,2.07,2.48,1.42,1.01,0.6,0.94,13.92,9.85,7.2,5.94,5.35,2,2,6,1,1,"0","2",0.125,0.75
"1002","Chonchon","Nunursus ronchonus","paris","9",34,"1",2,11.94,13.49,10.99,5.72,5.21,5.84,2.63,1.6,1.27,1.6,24.43,12.19,9.17,9.7,10.48,5,3,4,4,3,"0","2",0.875,NA
"1003","Nenuphar","Nunursus amandus","paris","15",60,"2",0,10.96,12.97,7.27,4.34,5.34,7.08,2.38,2.79,1.82,0.42,27.02,12.57,8.21,10.42,11.89,4,2,2,3,3,"1","1",0.375,NA
"1004","Tinounousse","Nunursus tinus","paris","8",69,"1",2,8.23,10.6,5.97,3.43,5.03,5.65,1.75,0.97,0.91,0.74,18.92,7.57,6.61,6.26,6.88,4,4,3,4,3,"1","2",0.6875,NA
"1005","Noeuneuille","Nunursus noeuneuillus","paris","8",66,"2",4,14.75,16.03,8.85,7.33,6.25,7.57,2.51,1.67,0.98,1.37,29.85,12,9.34,12.01,10.1,4,4,4,4,2,"1","2",0.75,NA
"1006","patate","Nunursus patus","paris","9",31,"1",3,10.94,14.28,9.68,5.05,6.72,6.74,2.79,2.69,1.57,1.21,25.22,10.58,8.12,8.07,9.21,4,3,4,4,3,"1","1",0.75,NA
"1008","Roudoudou","Nunursus mollis","paris","9",10,"1",1,16.71,19.21,16.09,4.18,6.85,9.86,2.76,1.11,0.81,1.48,37.76,18.65,19.1,15.85,13.66,4,3,4,5,5,"0","2",0.625,NA
"1010","Nounours","Nunursus calinus","dijon","7",5,"2",0,NA,NA,NA,NA,NA,NA,NA,NA,NA,NA,NA,NA,NA,NA,NA,4,3,3,3,5,"1","1",NA,0.5
"1012","Cookie","Nunursus cookinus","dijon","7",5,"1",1,8.89,8.76,7.35,2.21,3.48,4.42,2.12,1.36,1.11,0.65,20.62,11.01,7.68,6.03,7.51,5,3,5,5,4,"1","2",0.625,0.75
"1013","Poileau","Nunursus poilus","dijon","8",10,"2",1,17.99,22.59,12.9,8.51,9.07,12.75,4.4,7.3,4.46,1.07,41.4,17.14,12.11,20.72,16.52,4,4,3,3,3,"0","2",0.375,0.625
"1017","Hubert","Nunursus huberus","dijon","7",21,"1",1,10.52,12.44,9.27,4.85,5.51,6.49,2.52,2.53,1.69,0.85,27.03,13.73,11.8,12.96,13.19,4,4,3,4,4,"1","2",0.5,NA
"1019","Choupinou","Nunursus choupinus","dijon","15",38,"1",1,13.77,14.9,8.56,4.46,6.4,8.41,1.49,3.73,2.16,1.14,27.39,12.72,9.48,9.62,10.21,5,3,5,5,4,"1","1",0.75,NA
"1021","Gregoire","Nunursus gregoirus","dijon","12",10,"1",2,NA,NA,NA,NA,NA,NA,NA,NA,NA,NA,NA,NA,NA,NA,NA,5,3,3,5,2,"1","1",NA,0.5
"1022","Bob","Nunursus bobus","dijon","7",10,"1",2,NA,NA,NA,NA,NA,NA,NA,NA,NA,NA,NA,NA,NA,NA,NA,4,5,5,4,2,"1","3",NA,0.875
"1025","Toutdoux","Nunursus toutdouxus","dijon","8",48,"2",3,8.3,9.81,5.21,3.24,4.76,5.15,1.25,1.74,1.13,0.9,16.61,7.18,7.27,4.77,8.76,4,2,3,4,1,"1","2",0.125,0.75
"1026","felix","Nunursus felixus","dijon","5",13,"1",2,9.67,10.48,9.82,3.56,5.4,4.6,2.85,1.36,1.14,0.33,21.13,9.7,8.12,8.47,8.94,5,3,7,4,5,"0","1",1,0.875
"1027","Timmy","Nunursus timinus","dijon","7",9,"1",3,11.43,13.21,11.26,3.53,5.52,6.68,4.01,1.26,1.13,1.11,27.79,12.51,11.55,12.92,14.18,4,5,4,3,5,"0","2",NA,1
"1034","Winnie","Nunursus verbagettus","dijon","9",5,"2",1,22.06,26.41,22.84,13.57,12.73,15.23,5.57,6.66,5.61,1.95,51.98,26.59,26.22,22.08,24.89,2,3,5,5,2,"1","2",0.59375,NA
"1036","Newspaper","Nunursus editorius","dijon","9",35,"1",0,23.25,28.93,19.41,10.44,9.2,10.95,6.47,4.08,2.81,2.24,44.32,26.13,24.45,14.98,19.72,5,3,5,4,4,"1","2",1,NA
"1037","plumerose","Nunursus pleindepoilus","dijon","7",12,"1",0,27.82,31.05,23.64,14.45,15.04,14.51,6.4,7.78,5.6,1.55,67.98,28.13,27.6,32.08,31.41,2,5,5,5,2,"1","1",0.375,NA
"1038","Oscar","Nunursus oscarus","dijon","8",3,"2",0,NA,NA,NA,NA,NA,NA,NA,NA,NA,NA,NA,NA,NA,NA,NA,5,2,4,4,5,"1","6",NA,1
"1039","Noireau","Nunursus nicolus","dijon","11",37,"1",1,12.9,10.86,9.01,4.53,7.02,5.99,3.1,2.25,1.64,0.49,31.94,6.96,7.22,7.37,8.73,1,2,2,1,1,"0","3",0.0625,0.875
"1040","Robert","Nunursus robertus","dijon","8",16,"1",1,8.17,11.6,7.12,2.31,5.36,6.45,2,1.55,1.34,1.26,23.74,9.43,6.07,7.31,9.78,5,3,5,5,2,"0","2",0.625,0.75
"1041","Lapinours","Nunursus pupunurs","dijon","8",14,"2",2,11.57,14.53,8.21,5.59,6.92,8.3,3.19,3.41,2.2,0.69,28.58,19.42,8.55,8.68,10.53,5,1,6,5,2,"1","5",0.5,1
"1045","Monsieur Nounours","Nunursus eleganhis","dijon","15",50,"1",1,12.26,12.76,12.89,3.79,5.53,6.85,2.95,2.64,1.7,1.24,27.51,12.64,11.14,11.63,7.82,2,1,1,1,1,"0","1",0.25,NA
"1046","Leo","Nunursus mignonus","dijon","10",23,"1",1,13.42,12.33,12.19,2.37,5.62,6.64,3.49,1.35,1.47,1.57,24.79,12.66,12.14,10.64,11.16,5,3,4,5,5,"0","2",0.875,NA
"1048","Toto","Nunursus toti","dijon","10",8,"2",2,12.96,17.76,16.4,4.99,7.25,8.74,3.65,2.14,1.07,1.12,29.65,16.17,14.85,10.69,9.93,3,3,3,3,1,"1","1",0.375,NA
"1049","Ti chou","Nunursus triangulus","dijon","9",45,"1",0,20.67,23.93,20.74,5.43,5.39,6.94,5.34,2.14,1.33,1.55,42.98,17.79,16.55,13.94,16.55,5,3,3,4,3,"0","2",0.375,NA
"1054","Ruban","Nunursus rubanus","dijon","9",5,"2",1,12.31,13.03,10.44,4.95,6.31,6.67,4.16,2.28,1.58,1.14,26.72,12.31,9.81,7.81,8.48,3,4,2,3,3,"0","1",0.3125,NA
"1055","petit coeur","Nunursus ours blancus","dijon","7",9,"1",1,9.14,14.22,7.02,3.34,4.95,6.43,2.87,1.58,1.08,0.71,20.82,9.94,7.12,6.04,8.73,5,6,4,5,4,"0","1",0.875,NA
"1056","Bubu","Nunursus bubus ours blancus","dijon","7",7,"2",1,20.42,22.83,18.12,11.47,10.79,11.83,7.21,5.47,3.9,0.52,52.92,22.11,18.85,28.32,28.82,5,3,4,5,3,"1","2",0.5,1
"1057","Truffe","Nunursus hirsuf","dijon","10",19,"2",2,4.5,5.12,4.07,0.82,2.66,3.08,1.22,1.14,0.91,0.9,9.75,3.72,1.08,1.17,0.18,4,2,3,3,1,"0","5",0.3125,NA
"1059","Gabriel","Nunursus calinus","dijon","7",5,"2",1,7.08,7.94,7.83,3.36,2.93,3.7,1.61,1.12,0.89,0.87,14.07,7.36,6.35,5.55,5.17,4,2,6,5,4,"-1","1",NA,0.75
"1062","nounourson","Nunursus nunursus","dijon","7",9,"2",2,13.6,11.66,11.55,7.73,6.65,5.19,1.91,3.07,1.6,0.74,35.65,13.65,12.69,15.08,14.9,5,5,6,5,5,"0","3",0.75,0.75
"1063","Teddy","Nunursus tedus","dijon","8",12,"1",2,12.05,11.96,10.55,4.08,5.19,5.66,2.98,1.01,0.97,1.28,23.37,9.69,7.67,8.95,5.7,3,2,2,3,3,"0","2",0.375,NA
"1066","Jigorokano","Nunursus malosinus","dijon","7",11,"2",1,9.76,11.48,9.9,3.76,5.38,4.63,2.05,1.79,1.54,0.98,19.07,10.04,8.21,5.81,9.27,5,2,4,4,5,"1","2",0.625,0.625
"1067","ours blanc","Nunursus ours blancus","dijon","7",9,"2",0,13.14,15.86,11.74,6.89,6.71,10.43,4.23,4.32,1.83,0.68,31.38,12.45,12.36,13.36,11.57,4,2,4,3,3,"0","1",0.5,0.75
"1069","Sucette","Nunursus sucettus","dijon","8",4,"1",3,18.67,18.52,16.78,8.52,7.88,9.06,5.68,3.64,2.77,1.73,44.28,17.42,11.74,16.8,22.7,5,3,3,5,1,"1","1",NA,0.5
"1070","Nounoursinou","Nunursus nounoursinus","dijon","8",8,"1",1,13.12,14.63,7.46,4.59,4.2,5.66,3.59,1.16,1.21,1.29,26.26,14.58,7.72,10.46,12.96,5,6,3,2,4,"1","2",NA,0.875
"1077","Pandinou","Nunursus pandinus","dijon","12",9,"2",1,9.29,11.74,9.36,5.24,4.59,4.72,2.98,1.45,0.71,1.18,20.66,10.3,8.94,7.18,7.27,3,3,5,5,2,"1","1",0.625,NA
"1079","Unicef","Nunursus unicefus","dijon","9",44,"1",1,NA,NA,NA,NA,NA,NA,NA,NA,NA,NA,NA,NA,NA,NA,NA,5,3,5,5,5,"1","1",NA,0.75
"1081","Soly","Nunursus solyminus","dijon","8",10,"2",1,4.97,5.61,3.59,2.19,2.68,3.29,1.49,0.89,0.75,0.38,11.66,5.19,4.14,4.72,4.93,5,3,5,4,4,"1","5",0.75,NA
"1082","Samy","Nunursus samynus","dijon","8",7,"2",1,8.5,7.98,5.69,2.87,4.72,4.75,3.69,1.21,1.59,0.57,21.25,7.84,5.79,6.68,7.38,4,4,5,4,4,"0","5",0.5,NA
"1083","Tyss","Nunursus lupius","dijon","8",11,"2",1,22.97,23.52,22.62,10.41,11.21,12.22,9.12,5.24,3.28,2.26,50.36,20.81,13.58,17.48,38.83,2,1,4,5,1,"1","6",0.5625,NA
"1084","Ours eclair","Nunursus eclairus","dijon","8",8,"2",1,15.49,17.91,8.7,8.5,10.33,11.79,3.09,6.27,5.41,1.62,43.56,15.41,12.97,21.28,19.15,2,3,5,3,1,"0","4",0.625,NA
"1093","Bouboule","Nunursus bouboulus","dijon","5",9,"1",1,9,10.1,8,3.03,4.47,6.44,2.26,2.9,2.04,0.47,19.27,10.14,5.7,7.03,7.44,4,5,7,4,3,"1","2",NA,0.75
"1097","oliver","Nunursus solecequantum","dijon","8",32,"2",1,5.33,6.08,3.36,1.68,3.29,3.83,1.9,1.23,0.88,0.52,14.22,5.17,4.3,5.41,5.88,5,2,3,2,4,"1","1",0.375,NA
"1100","Feuille de bambou","Nunursus bambulus","dijon","7",18,"2",2,14.08,15.79,15.15,6.83,8.14,6.01,3.16,2.83,2.13,1.44,32.36,18.01,14.46,11.79,13.31,5,4,4,4,5,"1","2",0.875,0.875
"1101","caribou","Nunursus caribeum","dijon","13",18,"1",2,7.33,6.94,6.27,1.2,3.5,3.82,1.12,0.73,1.2,0.44,17.85,7.12,6.33,6.83,9.22,2,2,6,5,3,"-1","1",0.5,0.625
"1104","boutchou","Nunursus boutchounus","dijon","13",13,"1",2,15.48,17.98,14.17,4.47,5.57,8.7,3.3,2.25,1.48,1.7,26.59,13.14,11.18,7.32,11.34,4,3,4,4,2,"0","2",NA,0.625
"132","Orelia","Nunursus oreli orea","brest","7",11,"2",2,11.99,15.04,14.45,6.59,6.98,6.97,3.19,4.16,3.31,1.02,29.49,15.55,17.34,12.68,12.43,3,5,6,5,3,"1","1",NA,1
"133","Fanta","Nunursus nasa astral","autre","7",11,"2",2,8.8,13,6.87,2.32,4.19,4.82,1.92,2.36,1.01,0.62,23.33,12.1,8.04,9.83,11.16,4,2,6,4,4,"1","1",NA,0.875
"138","jean_michel","Nunursus maxinasus","marseille","9",22,"2",2,10.72,11.72,10.58,3.67,4.65,5.5,3.27,1.1,1.24,0.79,23.37,8.49,6.53,12.75,10.51,5,4,6,5,3,"0","2",0.625,NA
"141","Grand ecart","Nunursus superflexum","marseille","8",19,"2",3,9.57,10.02,9.08,1.93,4.35,5.28,2.37,1.99,1.54,1.07,19.62,9.83,8.47,7.26,8.39,3,2,2,3,5,"-1","1",0.375,NA
"142","Solaire","Nunursus solaris","marseille","9",10,"2",0,6.59,9.83,7.65,3.95,3.65,4.13,1.52,1.62,0.99,1.1,14.95,7.35,6.71,4.65,6.25,1,5,3,3,3,"1","1",0.375,NA
"143","Croutdepus","Nunursus croutdepus","toulouse_albi","8",46,"2",2,7.05,7.21,5.56,1.4,2.36,3.68,1.79,1.59,0.95,1.03,13.17,6.22,2.5,3.55,4.41,3,2,2,2,2,"0","1",0.375,0.75
"144","marcel","Nunursus kikou","saint_denis_la_reunion","8",59,"1",3,14.45,14.64,10.39,3.42,6.68,8.31,5.31,1.98,2.18,1.04,31.56,12.31,11.33,17.52,13.34,3,5,4,4,5,"0","1",0.75,NA
"146","pinkie","Nunursus biscalinus","saint_denis_la_reunion","14",50,"1",0,14.37,16.81,11.83,2.4,4.01,5.29,4.45,1.67,1.25,1.65,26.27,14.61,10.52,9.74,14.18,4,3,3,3,5,"0","1",NA,0
"148","Canelle","Nunursus canelle","saint_denis_la_reunion","9",16,"1",2,9.76,11.44,8.53,3.22,4.47,5.55,2.23,1.78,1.06,1.01,14.44,10.05,6.01,6.19,6.74,4,3,5,4,3,"1","1",0.5,NA
"150","Kiki","Nunursus kikinus","brest","9",46,"1",2,10.59,10.12,7.18,1.88,4.02,6.45,1.81,1.47,0.82,1.43,24.65,7.8,4.33,9.28,10.2,4,3,4,4,4,"0","2",0.1875,0.875
"152","Mimi","Nunursus mimi","saint_denis_la_reunion","9",5,"3",1,8.36,10.5,8.13,2.55,4.39,5.28,2.52,1.07,1.04,0.72,18.65,9.81,8.91,8.01,7.33,4,2,5,4,3,"1","1",0.375,NA
"153","Hugochon","Nunursus hugochon","saint_denis_la_reunion","8",51,"1",0,10.44,10.87,10.83,2.48,2.9,4.85,3.88,0.98,0.63,1.25,21.41,9.18,8.46,12.55,10.52,4,2,2,2,2,"0","2",0.125,NA
"157","Pilot","Nunursus pilotus","saint_denis_la_reunion","9",28,"1",1,4.48,4.75,4.57,0.74,1.65,2.02,0.51,0.8,0.51,0.6,8.47,4.04,2.96,3.21,3.49,1,1,1,2,1,"0","2",0,NA
"158","Voilacte","Nunursus etoile","saint_denis_la_reunion","8",9,"1",1,8.76,8.42,8.55,1.77,4.43,4.08,1.61,1.39,0.68,0.58,17.38,8.2,6.63,6.17,5.97,3,1,2,3,2,"1","1",NA,0.5
"159","Coucou","Nunursus coucou","saint_denis_la_reunion","9",4,"1",0,12.48,14.73,15.35,6.9,6.77,7.83,3.46,1.51,0.93,1.02,31.48,15.55,15,13.02,14.44,5,4,6,5,5,"0","1",0.875,0.625
"164","ambiguitus","Nunursus radar","saint_denis_la_reunion","7",6,"2",0,9.26,9.88,8.84,2.28,3.9,4.13,4.92,1.45,1.01,1.03,18.69,7.55,7.13,4.84,5.51,2,2,2,2,4,"1","1",0.25,NA
"165","Maelle Nigen","Nunursus maelle nigen","saint_denis_la_reunion","7",5,"2",0,9.95,10.88,10.67,2.22,3.54,5.19,3.35,1.82,0.92,0.92,15.17,8.7,8.6,5.18,3.87,4,3,4,4,3,"0","1",0.25,NA
"166","Neige","Nunursus polaris","brest","7",41,"1",1,10.03,12.68,8.46,4.57,4.51,5,3.33,3.65,1.95,0.76,25.59,11,12,7.77,11.77,2,4,4,4,1,"1","2",0.5,NA
"168","Pullours","Nunursus pulloursus","toulouse_albi","9",57,"1",0,5.19,6.03,5.72,1.33,2.67,3.06,1.67,0.76,0.73,0.54,10.98,6.22,5.96,3.47,4.76,3,2,4,3,4,"0","1",0.5625,NA
"169","Inconu","Nunursus inconnu","saint_denis_la_reunion","10",57,"1",8,6.11,4.78,5.62,1.32,3.16,2.96,0.32,0.77,0.62,0.68,13.8,5.6,4.72,3.83,3.91,2,3,4,4,3,"0","1",0.625,NA
"170","Neige","Nunursus alba","saint_denis_la_reunion","7",8,"1",2,NA,NA,NA,NA,NA,NA,NA,NA,NA,NA,NA,NA,NA,NA,NA,4,4,4,4,3,"0","2",NA,0.375
"174","Trudi","Nunursus trudi","saint_denis_la_reunion","8",9,"1",1,NA,NA,NA,NA,NA,NA,NA,NA,NA,NA,NA,NA,NA,NA,NA,4,3,4,4,1,"0","1",NA,0.75
"175","Nico","Nunursus nicoliv","saint_denis_la_reunion","8",63,"1",4,10.6,8.38,4.66,0.86,3.97,2.41,3.15,0.67,0.44,1.02,16.07,6.63,5.8,5.24,6.23,3,2,3,3,2,"0","2",0.375,NA
"177","pooh","Nunursus wini","saint_denis_la_reunion","4",8,"1",1,31.7,27.32,25.66,12.17,12.69,12.43,5.93,7.64,4.72,2.07,68.31,32.34,32.15,26.28,24.58,5,2,6,5,5,"1","1",NA,0.625
"180","Camomille","Nunursus camomille","saint_denis_la_reunion","14",17,"1",7,11.96,13.7,8.25,3.23,4.96,7.58,3.28,1.7,1.25,0.85,25.86,11.47,13.79,13.74,10.73,5,3,3,3,5,"1","1",NA,0.5
"181","Nathalie","Nunursus nathalus","saint_denis_la_reunion","8",32,"1",8,NA,NA,NA,NA,NA,NA,NA,NA,NA,NA,NA,NA,NA,NA,NA,2,3,2,2,1,"0","1",NA,0.75
"182","fleur rose","Nunursus negapi","saint_denis_la_reunion","7",20,"1",2,12.44,16.09,11.08,4.5,4.48,6.04,3.14,1.92,1.47,1.01,18.35,12.63,13.85,7.08,7.12,5,4,6,5,3,"1","1",0.75,0.625
"185","Mister b","Nunursus mister b","saint_denis_la_reunion","4",16,"2",1,9.43,12.02,8.15,3.1,4.33,5.82,3.02,1.68,1.46,1.35,20.96,15.19,11.37,9.57,11.8,4,2,4,3,3,"0","2",0.5625,NA
"189","Nocibe","Nunursus nocibe","saint_denis_la_reunion","7",9,"1",6,15.71,18.5,16.25,4.38,8.44,12.14,4.19,3.9,3.64,1.43,33.34,13.57,12.79,11.25,11.19,5,3,3,3,2,"1","1",NA,0.625
"190","Titou","Nunursus titoursus","saint_denis_la_reunion","9",53,"2",4,17.58,18.73,17.49,3.63,8.02,9.95,5.74,2.03,2.92,1.16,44.21,16.13,15.46,22.5,18.1,1,3,2,2,2,"0","1",0.25,NA
"194","Audette","Nunursus audettus","saint_denis_la_reunion","1",10,"1",2,7.07,8.81,6.55,2.71,2.76,4.23,1.68,1.21,0.78,0.26,19.59,7.82,6.3,6.46,5.54,5,3,5,4,2,"0","2",0.75,0.875
"195","Nounourson","Nunursus jannine","saint_denis_la_reunion","2",14,"2",2,6.67,5.88,6.45,0.92,2.35,2.57,2.45,0.82,0.53,0.27,15.64,7.23,5.68,1.47,0.57,4,2,4,3,2,"1","6",NA,0.625
"196","Pollux","Nunursus poluxus","brest","9",40,"1",1,9.39,12.61,9.43,5.33,4.88,5.78,2.92,1.97,1.37,0.69,24.46,9.09,14.45,11.43,10.98,3,3,4,4,2,"1","1",NA,0.625
"198","Timy","Nunursus medicinus","saint_denis_la_reunion","9",8,"1",1,16.8,17.4,16.71,3.65,8.18,8.88,4.05,2.89,1.74,1.66,31.39,14.49,13.66,13.31,12.02,2,3,4,4,2,"0","1",0.5,NA
"200","Toto","Nunursus toto","saint_denis_la_reunion","10",9,"1",0,15.52,16.76,13.04,3.37,5.09,8.65,5.07,3.67,2.28,2.54,28.8,14.43,10.5,12.36,12.65,3,4,4,4,1,"1","2",NA,0.625
"202","Mignonus","Nunursus mignonus","saint_denis_la_reunion","7",13,"1",1,9.14,10.06,10.32,2.79,4.2,4.81,2.54,1.47,1.11,0.98,18.27,10.1,9.97,6.52,8.77,4,3,4,4,2,"0","2",0.625,NA
"206","Annie","Nunursus anninus","saint_denis_la_reunion","8",55,"1",0,10.99,10.48,10.63,3.87,5.22,6.8,3.56,2.19,3.18,1.2,22.25,11.17,10.52,9.72,9.97,4,4,3,3,4,"1","2",NA,0.75
"209","Bouboul","Nunursus bouboulus","saint_denis_la_reunion","7",10,"1",1,16.23,18.74,15.05,4.28,6.28,9.33,2.78,3.41,2.93,1.02,18.34,15.42,15.42,8.49,3.74,3,3,5,4,3,"1","1",0.25,NA
"210","Alba","Nunursus alba","angers","7",36,"1",0,11.1,9.85,9.43,1.78,3.49,4.18,4.07,1.1,0.81,1.37,19.74,7.62,6.69,7.97,6.22,5,3,6,5,1,"1","2",NA,0.875
"211","Lulu","Nunursus lulu","saint_denis_la_reunion","10",7,"2",0,NA,NA,NA,NA,NA,NA,NA,NA,NA,NA,NA,NA,NA,NA,NA,4,2,3,3,2,"1","2",NA,0.625
"215","Calin","Nunursus calinus","saint_denis_la_reunion","1",10,"2",1,8.15,7.38,7.18,1.74,3.74,2.94,2.4,1.04,0.62,0.27,17.9,10.5,7.98,8.13,7.66,4,1,7,5,3,"1","2",0.375,NA
"218","orson welles","Nunursus orsonus wellus","le_mans","7",45,"1",1,7.74,8.18,7.21,2.45,4.36,4.01,0.91,1.6,0.94,0.66,19.06,9.12,8.51,6.11,6.3,3,4,4,3,3,"0","1",0.375,NA
"220","calin","Nunursus calinunus","le_mans","2",45,"1",4,8.59,7.9,7.9,1.38,3.27,4.27,2.39,2.22,1.68,0.68,24.92,13.89,4.04,5.12,2.68,4,3,7,5,3,"1","6",0.75,NA
"221","Geremoisa","Nunursus geremoisa","saint_denis_la_reunion","15",17,"1",6,6.89,7.54,7.34,1.48,2.66,3.25,3.7,0.89,0.91,0.68,11.46,5.82,5.53,3.64,3.25,4,3,4,3,4,"0","1",1,NA
"222","allez l’om","Nunursus nunursus olympikus massilia","marseille","2",30,"2",2,11.12,11.86,8.36,1.61,4.78,5.34,2.29,1.38,1.14,0.92,18.74,8.32,6.81,6.63,7.47,3,5,3,4,2,"0","1",0.625,NA
"225","Cajoline","Nunursus cajolinus","saint_denis_la_reunion","7",4,"2",1,12.13,12.53,11.23,2.31,3.69,5.27,3.58,1.54,0.95,1.05,24.99,12.76,10.63,9.32,5.46,3,2,2,3,4,"0","1",0.6875,NA
"227","Orange","Nunursus orangis","toulouse_albi","5",18,"1",0,10.23,10.08,6.93,1.62,5.18,5.22,2.52,0.79,0.65,0.83,20.36,8.12,6.82,7.63,9.44,3,3,4,4,3,"0","2",0.375,NA
"232","Gus","Nunursus gus","toulouse_albi","8",10,"2",1,14.15,13.5,11.24,6.49,5.64,6.77,5.2,2.33,2.02,1.4,29.81,10.66,15.63,13.57,13.4,3,4,4,3,1,"1","2",0.5,NA
"234","Rubanrose","Nunursus nunursus rubanus rosae","marseille","14",12,"1",1,17.02,18.31,12.87,7.19,6.46,7.72,3.79,4.08,3.22,2.18,38.91,17.32,12.27,12.84,20.79,4,3,3,3,3,"1","2",0.6875,NA
"237","Paddington","Nunursus paddingtonus","angers","9",5,"2",2,6.45,7.35,6.94,2.86,3.65,5.2,0.26,1.76,1.16,0.45,15.63,10.37,8.12,6.11,6.1,4,3,2,2,1,"1","2",0.125,NA
"238","Grand chapeau","Nunursus grand chapum","marseille","2",10,"2",0,18.93,15.67,15.35,3.76,7.43,7.92,3.21,3.92,2.12,0.98,42.84,19.33,12.4,9.26,5.07,5,1,6,5,5,"1","2",0.25,0.625
"242","Brutus","Nunursus brutus","saint_denis_la_reunion","9",27,"3",1,6.3,5.25,5.37,1.83,2.36,3.55,0.32,0.82,0.63,0.38,11.55,4.95,5.26,4.43,3.48,4,2,4,4,4,"1","1",0.5,NA
"245","Bleuette","Nunursus bleuette","saint_denis_la_reunion","7",9,"1",1,8.99,9.71,7.14,2.97,3.6,4.92,2.27,1.58,1.18,0.78,14.22,8.24,8.36,4.63,4.17,4,3,4,3,2,"0","1",0.25,NA
"247","Maxinasus","Nunursus maxinasus","marseille","8",20,"1",0,18.92,20.91,18.21,10.12,8.84,12.48,4.41,6.09,4.68,1.09,41.97,21.41,20.03,20.86,20.96,4,4,4,4,2,"0","2",0.75,NA
"248","Clavin","Nunursus calvisum","marseille","7",26,"2",2,10.76,14.23,12.56,6.48,6.06,6.96,2.67,3.85,2.59,1.44,26.12,13.51,13.4,10.77,13,4,2,3,3,4,"1","2",0.25,NA
"255","Mpanda","Nunursus mpanda","toulouse_albi","7",7,"2",1,22.47,26.74,25.11,10.37,9.4,9.7,3.83,3.42,2.35,2.46,49.03,26.73,26.02,17.4,15.32,5,3,7,5,5,"0","1",1,1
"256","Cravatte","Nunursus cravatus","saint_denis_la_reunion","3",6,"2",1,5.34,6.84,5.55,1.32,3.19,3.17,1.76,1.31,0.91,0.9,10.05,5.13,4.24,3.82,3.46,2,2,5,4,2,"0","1",0.125,NA
"262","Kalaï","Nunursus kala√Øus","marseille","6",10,"1",0,12.84,12.02,10.67,2.48,5.92,7.31,0.3,1.75,1.6,1.13,26.17,15.61,8.08,9.16,11.4,3,2,7,5,2,"1","2",NA,0.625
"264","pusheen","Nunursus pusheenus","le_mans","15",11,"1",1,NA,NA,NA,NA,NA,NA,NA,NA,NA,NA,NA,NA,NA,NA,NA,5,2,7,5,5,"1","1",NA,1
"266","Otium","Nunursus otium","toulouse_albi","13",5,"1",1,6.11,8.71,7.15,1.66,4.09,4.09,1.4,1.38,1.14,1.16,12.55,6.46,6,2.43,3.43,2,3,4,4,2,"0","1",0.125,NA
"268","Tout doux","Nunursus nounoursus toudoum","bordeaux","8",35,"1",0,11.36,14.13,9.62,3.92,4.21,7.03,3.25,2.23,1.33,0.99,26.21,8.28,12.14,10.72,11.91,5,3,6,5,2,"1","1",1,NA
"278","Ours de guerre","Nunursus bellum","angers","8",7,"1",2,14.36,18.18,17.15,5.56,7.04,8.49,3.38,2.93,3.08,1.83,32.22,17.52,14.23,11.57,15.53,3,3,2,2,1,"0","2",0.25,NA
"28","#Standard8","Nunursus delicatum","autre","7",29,"1",1,14.07,19.56,11.62,6.93,7.93,9.86,4.16,2.89,2.05,1.18,24.19,15.82,16.02,10.41,6.66,5,6,4,5,1,"-1","4",0.625,NA
"281","Duvetus","Nunursus duvetus lutecia","bordeaux","8",21,"3",0,9.11,11.51,8.4,4.83,5.69,7.46,2.57,1.13,0.95,0.45,21.73,11.06,10.25,9.14,11.3,5,5,5,4,3,"0","2",0.8125,NA
"283","Haricot","Nunursus minusculus albius","marseille","7",6,"1",0,6.03,4.77,4.79,1.98,2.94,3.09,1.73,1.33,0.93,0.64,9.63,5.36,5.39,4.18,3.93,3,4,3,3,3,"0","1",0.375,NA
"292","BB ours","Nunursus bibus","le_mans","9",12,"2",2,NA,NA,NA,NA,NA,NA,NA,NA,NA,NA,NA,NA,NA,NA,NA,5,3,6,5,5,"1","2",NA,0.75
"294","Chocolat","Nunursus choucoulatoum","autre","9",8,"1",1,7.45,7.91,6.75,3.69,4.59,4.53,1.23,2.03,1.64,0.28,17.48,7.46,6.52,5.02,6.52,5,3,6,5,4,"1","3",0.75,0.625
"295","Nounours","Nunursus polaris","saint_denis_la_reunion","8",5,"1",0,7.4,7.5,5.62,4.56,4.32,5.85,1.54,3.05,2.47,0.43,15.59,5.86,7,6.33,6.87,5,3,7,5,5,"0","2",NA,0.75
"298","Winnie l'ourson","Nunursus winnisus","limoges","4",45,"1",0,20.89,17.37,16.94,5.98,8.01,9.28,3.19,3.31,2.25,0.97,46.09,21.81,27.56,17.16,15.93,4,3,3,4,4,"1","1",NA,1
"300","Poilus","Nunursus poilus","bordeaux","8",7,"1",1,14.63,17.98,18.9,8.13,10.81,10.45,5.09,4.44,2.69,0.81,40.36,20.01,20.12,18.38,20.13,5,5,7,5,5,"0","2",0.9375,NA
"307","raplapla","Nunursus nounours raplaplus","marseille","9",11,"2",2,12.87,13.2,12.21,3.87,5.47,6.47,3.52,1.67,1.18,1.37,37.36,7.91,8.41,15.4,18.26,5,3,6,5,5,"1","2",NA,0.625
"323","Maman","Nunursus maman","saint_denis_la_reunion","2",13,"1",6,16,13.56,13.37,1.46,6.69,5.74,3.31,2.59,2.43,0.75,43.66,11.87,11.13,19.6,12.89,4,1,5,4,3,"0","1",0.25,0.75
"326","Chien","Nunursus chien","brest","10",35,"1",2,15.43,15.36,13.08,6.53,5.65,7.33,4.26,3.22,3.35,1.25,32.58,14.11,14.53,15.27,10.79,4,5,4,4,4,"1","2",0.625,NA
"327","Calinours","Nunursus calinus oursus","brest","8",8,"2",1,NA,NA,NA,NA,NA,NA,NA,NA,NA,NA,NA,NA,NA,NA,NA,2,3,2,2,4,"1","1",NA,0.75
"331","Clou","Nunursus cloume","bordeaux","9",7,"2",1,6.15,7.78,6.7,2.87,2.87,4.11,1.47,0.57,0.72,0.93,16.58,6.01,6.1,7.96,14.63,5,3,6,5,4,"1","2",0.75,0.75
"334","Tedy","Nunursus tedinum","bordeaux","11",27,"1",1,5.4,6.12,5.78,1.73,2.66,2.55,1.03,1.53,0.6,0.66,12.67,4.92,5.11,7.07,9.84,4,1,2,2,2,"1","2",0.125,0.625
"335","Eta civil","Nunursus etacivilus","marseille","14",15,"1",1,12.65,13.36,12.44,5.05,7.04,7.83,2.49,4.94,2.69,1.36,24.3,12.8,14.9,9.8,10.29,5,1,5,4,3,"1","1",0.625,NA
"339","Amoris","Nunursus amoris","saint_denis_la_reunion","15",46,"1",1,8.4,9.58,6.09,3.26,3.5,3.61,2.9,1.21,0.82,0.48,17.6,9.62,10.28,5.2,5.18,3,3,3,3,2,"1","1",0.625,NA
"342","Minuscule","Nunursus minusculus","saint_denis_la_reunion","8",26,"1",2,4.36,4.93,4.71,1.32,1.81,2.44,1.13,0.56,0.54,0.41,8.68,5.37,4.93,2.55,3.55,4,3,6,5,4,"1","1",0.875,NA
"344","Touffu","Nunursus touffix","toulouse_albi","9",46,"2",2,6.98,8.51,7.57,2.91,4.46,6.15,1.78,1.35,1.15,0.83,15.85,6.86,7.66,8.24,9.34,3,3,4,4,2,"0","1",0.5,NA
"348","Oncle Tom","Nunursus oncletum","toulouse_albi","15",8,"2",0,5.55,7.4,3.72,2.22,3.28,5.06,1.38,1.29,1.2,0.32,18.84,4.57,3.96,5.55,2.22,2,4,5,5,3,"1","7",0.75,0.625
"350","Gridou","Nunursus gridus","paris","15",36,"1",1,9.48,11.83,6.94,5.28,4.95,6.19,2.31,2.65,1.55,0.6,23.55,8.88,11.95,8.89,8.42,3,3,3,3,1,"1","1",0.6875,NA
"355","Doudou qui gratte pas","Nunursus doudous no grattus","brest","5",13,"1",2,7.62,7.95,8.04,1.85,3.4,5.27,1.58,2.17,1.55,0.62,23.7,18.33,3.05,3.38,2.25,4,2,4,4,3,"1","7",NA,0.5
"356","Nounours","Nunursus nunursum vecchium","marseille","8",15,"2",1,NA,NA,NA,NA,NA,NA,NA,NA,NA,NA,NA,NA,NA,NA,NA,5,2,6,5,5,"1","2",NA,1
"357","Lola","Nunursus lolus","limoges","14",16,"1",1,6.47,7.91,6.77,1.59,3.01,3.16,1.42,1.14,0.88,0.49,11.29,5.78,5.02,4.28,8.3,5,1,6,5,5,"1","1",0.25,NA
"362","Livre","Nunursus biblios","limoges","9",8,"1",1,9.58,10.73,9.73,3.67,3.99,4.95,2.19,1.56,1.36,1.06,18.57,10.03,7.97,10.28,8.87,5,3,4,4,1,"0","2",0.5,NA
"363","Thibault","Nunursus thibault","saint_denis_la_reunion","15",4,"2",6,10.98,13.63,9.37,5.94,4.31,5.85,1.94,2.89,3.62,0.41,33.41,12.79,10.88,17.41,11.35,3,3,4,4,4,"0","2",NA,0.75
"367","Teddy","Nunursus ursus tedius","brest","15",45,"2",1,24.17,28.81,28.19,12.75,13.06,14.9,4.54,7.01,3.66,2.07,59.87,21.92,24.54,24.41,27.73,4,3,5,4,4,"1","1",NA,0.875
"369","Petit","Nunursus minus","toulouse_albi","7",28,"1",0,2.61,2.75,2.69,0.89,1.36,1.53,0.93,0.61,0.51,0.26,6.37,2.27,1.99,3.81,4.13,3,2,5,2,4,"0","2",0,NA
"374","ourson lulu","Nunursus oursus magnus caius","le_mans","8",7,"2",1,21.22,23.96,24.77,6.29,7.91,11.97,6.98,2.85,1.86,2.33,45.37,24.18,23.02,24.89,23.2,5,3,6,5,1,"1","2",NA,0.5
"376","Geant","Nunursus gigantus","brest","9",47,"1",3,18.28,23.74,16.41,13.5,12.71,13.8,5.43,6.45,4.58,1.22,48.5,17.76,24.99,22.95,23.84,4,2,5,4,4,"1","2",NA,1
"381","Noiserre","Nunursus noisettum","marseille","8",10,"2",0,NA,NA,NA,NA,NA,NA,NA,NA,NA,NA,NA,NA,NA,NA,NA,5,4,4,4,3,"0","2",NA,0.625
"383","Cochon","Nunursus porqum","bordeaux","9",35,"2",1,17.75,17.74,16.3,7.28,7.85,8.85,5.24,1.44,1.43,1.55,33.2,18.33,16.83,11.12,17.52,4,3,4,3,4,"0","2",0.8125,NA
"390","Animus","Nunursus animus","paris","9",9,"2",0,7.68,9.03,6.11,4.1,4.52,5.45,1.99,2.73,2.64,0.74,14.49,9.54,8.57,7.2,7.38,3,3,5,4,3,"0","2",0.625,NA
"392","Bill","Nunursus billus","limoges","13",12,"1",1,4.67,7.09,4.47,2.39,2.83,4.02,1.86,1.03,0.84,0.3,16.3,9.93,14.34,6.15,3.71,5,1,6,5,2,"1","1",0.75,NA
"396","Petit","Nunursus ursaminor","paris","2",6,"2",1,6.62,6.99,5.48,0.87,2.62,3.79,1.64,0.51,0.64,0.63,13.72,6.06,6.15,6.43,5.03,2,2,3,3,1,"1","1",0.6875,NA
"398","Cole","Nunursus colum","marseille","7",6,"2",0,11.1,15.5,6.92,3.91,4.69,5.33,3.84,1.19,1.32,0.76,29.22,9.88,9.37,15.31,14.56,5,1,5,5,5,"1","2",NA,0.625
"405","Athlete","Nunursus nunursus superatleticus","marseille","8",9,"2",0,9.51,11.62,8.76,3.96,5.32,6.72,3.28,2.48,1.29,1.45,24.38,8.54,9.94,11.65,9.04,5,3,5,5,3,"0","1",NA,0.625
"406","Tristan","Nunursus molluscum tristunum","le_mans","10",10,"2",3,NA,NA,NA,NA,NA,NA,NA,NA,NA,NA,NA,NA,NA,NA,NA,5,2,6,5,4,"1","2",NA,0.5
"408","Tigresse","Nunursus tigrus","limoges","8",5,"NA",2,5.67,8.19,4.95,1.13,2.96,3.97,1.56,0.65,0.74,0.48,13.17,6.97,6.27,4.88,5.36,5,2,3,3,4,"1","2",0,NA
"410","Noisette","Nunursus noisetus","bordeaux","15",11,"2",0,6.91,9.39,5.88,4.1,3.78,4.49,1.99,0.87,0.58,0.56,18.09,7.17,8.61,8.36,9.72,4,2,4,4,4,"1","2",0.625,1
"411","Flemmard","Nunursus flemmards glandus","marseille","7",13,"2",1,NA,NA,NA,NA,NA,NA,NA,NA,NA,NA,NA,NA,NA,NA,NA,5,4,7,5,5,"0","1",NA,0.875
"417","Dudu","Nunursus dudus","angers","8",9,"2",1,NA,NA,NA,NA,NA,NA,NA,NA,NA,NA,NA,NA,NA,NA,NA,3,3,4,4,1,"1","2",NA,0.75
"424","Baloux","Nunursus baloux","brest","15",7,"1",1,NA,NA,NA,NA,NA,NA,NA,NA,NA,NA,NA,NA,NA,NA,NA,4,3,4,4,4,"1","1",NA,0.75
"430","Caramel","Nunursus caralemus","marseille","8",11,"1",1,NA,NA,NA,NA,NA,NA,NA,NA,NA,NA,NA,NA,NA,NA,NA,5,2,5,5,4,"1","2",NA,0.875
"432","Petit nounours","Nunursus rigolus","limoges","9",11,"1",1,19.82,18.16,10.84,12.77,12.27,12.03,5.41,7.26,4.07,1.51,53.51,19.16,20.72,25.33,20.94,3,5,3,4,2,"1","2",NA,1
"433","Sandrine","Nunursus nunursus maelissus damaius","marseille","7",22,"1",1,21.31,26.58,19.39,7.05,7.21,9.84,5.81,3.8,2.21,1.43,42.8,16.74,20.89,11.83,17.15,4,4,4,4,4,"0","2",0.75,NA
"435","Petit mouton bleu","Nunursus moutus bleus tris mignus","le_mans","2",14,"2",2,5.55,6.08,2.8,1.05,2.4,2.46,1.92,0.64,0.59,0.57,9.81,3.13,2.61,4.52,5.16,4,2,3,4,5,"1","1",0.625,1
"436","Nocibe","Nunursus nocibus","toulouse_albi","15",37,"2",4,10.74,12.87,9.57,3.33,5.34,6.38,2.04,1.2,1.18,0.76,25.5,9.24,10.9,9.99,7.99,5,3,6,5,3,"1","1",0.6875,NA
"437","Calvin","Nunursus calvisum","marseille","7",34,"2",2,9.4,11.35,8.95,4.21,4.6,5.12,2.49,3.07,2.3,1.07,22.63,9.15,11.44,9.92,10.45,4,1,5,3,3,"1","2",0.625,NA
"438","Dartagnan","Nunursus dartagnum","brest","7",13,"1",1,NA,NA,NA,NA,NA,NA,NA,NA,NA,NA,NA,NA,NA,NA,NA,4,4,6,4,4,"1","2",NA,0.875
"439","docteur bebe","Nunursus docturus bebus","le_mans","7",15,"1",1,12.76,12.69,8.94,2.17,4.2,6.34,3.94,1.27,1.18,1.07,24.52,9.67,7.83,10.16,9.02,5,2,6,4,3,"1","2",1,NA
"444","Nounours","Nunursus doudus","brest","8",8,"1",1,22.55,22.98,15.76,9.7,8.72,10.34,5.02,4.28,2.94,1.96,51.16,18.95,22.56,18.74,23.58,4,4,4,4,3,"1","2",0.5,0.625
"447","Coco","Nunursus coucous coquin","brest","9",6,"1",1,NA,NA,NA,NA,NA,NA,NA,NA,NA,NA,NA,NA,NA,NA,NA,4,4,4,4,3,"0","1",NA,1
"449","Ligo ligo","Nunursus ligus ligus","brest","7",8,"1",2,17.68,20.09,15.35,7.93,8.01,9.79,4.65,4.5,4.89,2.15,52.02,15.66,21.64,20.61,24.43,4,4,4,4,4,"1","2",0.5,1
"452","Petite ourse","Nunursus dentellus azurus","marseille","9",40,"1",10,7.36,6.29,3.61,1.3,2.8,2.76,2.1,1.35,1.27,0.93,14.77,3.61,2.62,6.53,3.78,2,1,1,2,3,"1","2",0.125,1
"453","castels roc","Nunursus ecolus castels rocus","marseille","13",44,"1",2,12.42,16.07,5.83,3.2,5.4,10.09,3.12,3.35,2.35,1.38,30.22,10.57,7.95,10.94,11.57,4,1,4,4,3,"1","2",0.5,NA
"455","Max","Nunursus strabismus","marseille","9",7,"1",1,6.56,9.21,6.17,2.8,4.49,4.75,2.01,1.27,0.75,1.3,16.19,6.43,8.08,4.57,4.84,4,3,4,4,2,"0","1",0.25,NA
"462","Lisa","Nunursus lisa homard","brest","12",5,"1",1,5.37,6.32,4.84,2.17,2.76,2.87,1.19,1.22,0.69,0.9,11.67,5.24,5.78,4.62,4.95,3,3,4,4,3,"0","1",1,NA
"470","Kung fu panda","Nunursus kungfupandus","toulouse_albi","7",9,"2",0,10.83,13.89,10.48,3.61,4.68,5.66,2.93,1.79,0.84,1.28,22.27,11.8,13.16,5.63,8.74,3,3,4,4,3,"1","1",0.5,NA
"473","Kawaii","Nunursus kawaiius","paris","9",13,"2",0,9.44,10.79,5.6,3.21,6.43,6.34,2.56,3.49,3.24,0.79,19.41,11.15,6.99,8.78,6.01,4,3,5,4,2,"0","2",0.75,NA
"475","Falco","Nunursus feinientus","angers","3",5,"2",1,14.15,16.04,13.62,4.55,6,8.17,4.15,2.57,2.02,1.48,28.93,11.65,12.03,13.55,12.33,5,3,5,5,4,"1","2",NA,1
"476","Grosse tete","Nunursus hypercephalus","toulouse_albi","8",16,"3",1,8.5,10.45,6.01,1.21,2.71,5.52,1.39,2.08,1.27,0.69,14.12,5.78,4.67,3.85,5.28,3,3,6,4,2,"0","1",0.75,NA
"478","Eric","Nunursus flat ericus","marseille","7",8,"1",0,9.84,8.71,5.28,3.1,4.65,5.77,2.86,1.92,0.94,1.3,19.67,7.9,8.42,7.51,7.8,5,3,3,3,4,"0","2",0.125,NA
"481","oso","Nunursus osous equatorus","brest","9",11,"1",0,8.97,9.68,6.42,5.06,5.63,6.12,2.85,2.45,1.81,0.93,23.1,8.74,11.54,8.68,11.11,2,4,4,3,4,"1","1",0.5,0.875
"483","Ninnin","Nunursus peticoutus","brest","8",19,"2",0,12.37,10.55,8,0.68,2.84,2.66,3.42,0.6,0.49,0.46,28.16,7.8,14.52,13.57,12.63,3,1,1,1,1,"0","2",NA,0.25
"484","Yoyo","Nunursus yoyus","bordeaux","9",26,"2",1,5.26,5.95,4.92,1.74,2.96,3.05,0.86,1.18,0.75,0.8,11.9,5.75,5.46,5.24,5.59,4,2,3,3,3,"1","2",0.375,NA
"489","Bruneus","Nunursus nunursus bruneus","marseille","10",9,"1",2,9.58,7.72,6.17,5.29,4.74,4.9,2.36,0.94,0.95,0.6,30.25,10.91,11.08,9.62,7.6,2,3,1,1,1,"0","1",0.375,NA
"493","Pyjamus","Nunursus pyjamus","marseille","1",21,"1",3,8.55,11.82,5.89,4.8,4.31,6.39,1.6,2.64,2.07,0.38,21.11,10.86,13.25,6.53,8.81,3,5,4,3,2,"1","2",0.625,NA
"496","Moumoute","Nunursus polarus","saint_denis_la_reunion","16",34,"1",4,13.09,12.83,9.42,1.38,4.36,5.81,2.38,3.47,2.05,1.1,34.79,10.38,12.27,9.2,10.63,5,2,6,5,5,"0","4",NA,1
"501","Hochet","Nunursus hochetum","marseille","4",3,"2",1,12.52,12.75,10.69,1.91,4.27,4.37,3.21,2.52,1.62,1.18,24.56,10.97,12.98,8.2,6.82,3,2,2,3,3,"1","1",0,NA
"502","Orus","Nunursus orus antilagrimus","bordeaux","3",31,"1",2,5.17,5.96,4.21,1.54,2.29,3.05,1.39,0.84,0.51,0.55,13.82,6.39,10.14,5.4,3.3,4,1,4,4,1,"1","2",0.3125,NA
"503","Teddy","Nunursus teddyus","marseille","9",8,"2",0,10.4,10.76,4.08,2.6,4.44,5.9,2.27,1.71,1.55,1.18,20.12,6.68,7.66,6.56,8.66,4,2,4,4,4,"1","1",0.125,0.75
"507","Romain","Nunursus romanus","bordeaux","8",21,"1",0,8.67,10.37,6.93,2.78,4.41,5.32,2.17,1.75,1.01,0.84,19.42,8.35,9.81,7.45,9.12,5,3,7,5,3,"1","2",0.75,NA
"508","Victoria","Nunursus tigrus bengali","brest","7",9,"2",1,NA,NA,NA,NA,NA,NA,NA,NA,NA,NA,NA,NA,NA,NA,NA,4,2,5,4,2,"1","2",NA,1
"509","Petit ours aveugle","Nunursus aveuglus","bordeaux","2",25,"1",3,3.98,4.79,1.74,0.25,0.54,0.65,1.52,0.11,0.09,0.03,9.32,4.06,4.34,2.14,3.72,2,2,2,2,1,"0","2",0,NA
"510","Asie","Nunursus asiatux","marseille","7",11,"2",1,9.46,11.58,8.04,3.83,4.36,5.21,1.88,2.17,1.31,1.43,20.4,9.92,9.96,6.43,7.13,3,3,4,3,1,"0","1",0.625,0.625
"511","petit doudou","Nunursus petit doudoumus","marseille","8",14,"1",1,12.39,12.61,8.46,3.29,4.92,5.26,0.3,1.78,1.5,0.99,33.96,8.68,8.02,11.49,14.39,5,2,6,3,5,"1","2",NA,1
"512","Sisou ratapla","Nunursus rataplus","brest","5",5,"1",1,11.84,15.77,9.1,4.82,5.9,7.07,3.56,2.87,2.15,1.27,26.17,9.85,11.51,7.37,9.4,3,3,3,4,1,"0","1",0.625,0.875
"514","Teddy","Nunursus teddyolus","marseille","9",49,"1",2,12.25,12.82,8.83,3.89,6.46,7.38,4.03,1.83,1.45,1.46,27.96,10.16,12.82,14.23,14.31,5,4,6,5,4,"0","2",0.75,NA
"516","iberna","Nunursus ibernatus","bordeaux","7",30,"1",1,8.11,8.59,3.96,2.68,4.75,4.61,2.68,3.06,1.99,0.93,19.71,8.03,9.65,12.16,20.48,4,3,6,5,3,"1","2",1,NA
"524","Timothe","Nunursus timotheus frateis","paris","8",39,"1",1,28.01,31.13,22.69,2.93,9.77,14.13,8.4,2.07,1.95,2.08,65.92,25.23,30.95,29.18,27.99,3,4,4,4,2,"0","2",NA,0.875
"531","Dede","Nunursus dodus gigantus","brest","8",13,"2",3,20.02,23.96,16.43,6.75,8.79,11.44,3.87,5.3,3.05,1.37,45.09,19.74,21.67,18.66,31.7,2,4,4,4,3,"1","2",NA,0.5
"540","Nolwenn","Nunursus nolwenus","bordeaux","2",31,"1",1,4.18,4.35,1.96,0.29,1.09,1.3,0.64,0.44,0.42,0.31,9.92,4.23,3.87,3.1,4.04,1,1,2,1,1,"-1","2",0,NA
"548","Originas","Nunursus originus","toulouse_albi","9",6,"1",1,18.44,23.79,15.2,10.78,9.93,11.5,3.41,6.13,2.57,3.08,59.76,21.01,30.79,27.45,30.5,5,3,7,5,3,"0","2",0.75,NA
"551","Attache","Nunursus attachus","limoges","7",8,"2",1,NA,NA,NA,NA,NA,NA,NA,NA,NA,NA,NA,NA,NA,NA,NA,5,3,3,3,4,"0","2",NA,0.5
"558","Massilia","Nunursus massilia","toulouse_albi","2",6,"2",1,8.48,8.95,5.43,2.3,4.12,3.85,1.66,1.27,1.04,1.1,14.67,7.25,7.86,4.67,5.31,3,3,3,3,1,"0","6",0.25,NA
"559","Jacky","Nunursus utilus","brest","8",9,"1",1,NA,NA,NA,NA,NA,NA,NA,NA,NA,NA,NA,NA,NA,NA,NA,4,3,5,4,4,"1","2",NA,1
"563","Jounal","Nunursus journalus","limoges","16",50,"1",4,NA,NA,NA,NA,NA,NA,NA,NA,NA,NA,NA,NA,NA,NA,NA,4,4,6,5,4,"1","1",NA,0.875
"569","Nounours","Nunursus dormio","angers","8",12,"1",2,12.88,11.7,11.97,2.45,5.88,5.81,2.86,2.47,1.39,0.91,29.41,9.95,11.41,13.79,12.96,4,3,5,5,4,"-1","2",NA,0.5
"572","Sylvia","Nunursus sylva","limoges","9",39,"1",2,NA,NA,NA,NA,NA,NA,NA,NA,NA,NA,NA,NA,NA,NA,NA,4,2,3,3,2,"0","1",NA,1
"577","Max","Nunursus calinus gigantus","brest","9",18,"2",2,29.23,31.98,26,8.94,11.83,12.85,3.66,4.65,3.49,2.65,67.23,31.79,33.11,22.31,33.41,3,2,4,4,4,"1","2",0.625,1
"583","Copin","Nunursus copinus","angers","8",39,"1",2,5.87,6.78,4.97,1.66,2.35,3.32,3.05,1.22,0.82,0.93,15.52,6.82,4.61,6.92,0.43,3,2,4,4,4,"1","7",0.875,NA
"584","ALBERT","Nunursus albertus","limoges","9",27,"1",1,26.04,33.44,20.29,10.28,14.8,15.73,4.58,4.68,4.04,2.84,77.99,27.38,27.01,14.53,19.67,5,3,4,3,3,"0","1",0.875,NA
"587","ours blanc","Nunursus oursus ours blancus","brest","7",8,"2",1,7.41,8.88,6.91,3.14,4.26,5.68,1.91,1.74,1.29,0.6,16.52,8.88,9.16,8.04,7.12,4,2,4,4,4,"1","1",0.75,0.75
"589","Flocon","Nunursus floconus","brest","7",17,"1",1,NA,NA,NA,NA,NA,NA,NA,NA,NA,NA,NA,NA,NA,NA,NA,3,4,4,4,3,"1","2",NA,1
"594","Fulgu","Nunursus fulgur","angers","8",37,"2",2,6.78,9.41,6.34,2.7,4.54,4.04,3.66,1.2,0.84,0.72,17.06,7.35,7.63,5.49,5.97,2,2,2,3,2,"0","1",0.125,NA
"596","Doudou","Nunursus doudounus","le_mans","9",27,"1",2,17.79,15.08,13.25,4.49,6.42,6.74,4.67,2.88,1.6,1.24,39.94,11.95,11.84,18.32,21.3,5,3,2,2,5,"-1","2",0.25,1
"598","Monica","Nunursus monicus","limoges","5",20,"1",1,5.14,5.93,4.8,1.38,2.32,2.17,1.33,0.51,0.75,0.96,17.19,7.46,8.43,0.2,0.24,2,1,6,3,2,"1","6",0.75,NA
"609","Coluche","Nunursus colus","bordeaux","8",20,"2",8,NA,NA,NA,NA,NA,NA,NA,NA,NA,NA,NA,NA,NA,NA,NA,5,3,6,5,5,"0","3",NA,0.875
"615","Doudoutoudou","Nunursus bandadanus","brest","7",7,"1",1,8.85,10.41,6.94,1.35,4.75,5.97,3.16,2.79,1.6,0.47,24.04,10.75,13.64,11.36,10.51,3,3,3,3,2,"0","2",NA,0.875
"621","ours rose","Nunursus rosus","limoges","8",11,"1",1,16.17,17.84,13.07,6.25,7.03,8.39,3.09,2.44,1.1,1.07,29.67,11.47,15.72,11.73,14.22,5,4,6,5,3,"1","2",0.5,NA
"622","Barley","Nunursus barleus","bordeaux","8",22,"1",3,16.87,18.65,15.46,9.74,9.47,9.84,3.67,3.94,3.94,1.23,43.48,17.25,20.93,20.79,18.67,5,3,6,5,4,"1","2",0.75,0.625
"626","Luminou","Nunursus luminus","brest","7",6,"1",1,NA,NA,NA,NA,NA,NA,NA,NA,NA,NA,NA,NA,NA,NA,NA,4,3,4,4,4,"1","2",NA,1
"631","Endormi","Nunursus dormus","limoges","14",12,"2",1,6.58,7.82,4.87,2.79,3.08,4.58,0.17,0.91,1.44,0.99,14.53,6.07,4.29,6.8,8.05,5,2,5,4,5,"-1","2",0.1875,NA
"633","Hypercephale","Nunursus hypercephalus","marseille","1",18,"2",2,7.2,9.42,4.27,1.74,2.9,5.72,1.35,2.13,1.12,0.6,12.51,4.66,4.61,4.43,4.59,2,3,3,2,3,"0","1",0.25,NA
"639","Guernica","Nunursus guernicus","marseille","8",9,"2",0,NA,NA,NA,NA,NA,NA,NA,NA,NA,NA,NA,NA,NA,NA,NA,5,3,6,5,5,"0","2",NA,0.75
"644","London","Nunursus britanicus","brest","8",10,"1",1,NA,NA,NA,NA,NA,NA,NA,NA,NA,NA,NA,NA,NA,NA,NA,3,3,3,3,4,"0","1",NA,0.625
"645","Po","Nunursus nunursus polus","autre","7",14,"3",0,NA,NA,NA,NA,NA,NA,NA,NA,NA,NA,NA,NA,NA,NA,NA,5,4,6,4,5,"1","2",NA,0.875
"646","Bob","Nunursus poiluse","brest","9",23,"2",2,22.21,26.68,20.66,8.92,10.72,14.7,6.03,4.69,2.89,1.49,55.22,22.98,28.62,18.5,13.93,4,4,4,4,3,"1","1",0.5625,0.75
"649","Classius","Nunursus classius","toulouse_albi","8",12,"2",0,12.11,13.32,10.48,3.9,5.18,5.93,2.89,1.94,1.02,1.02,26.48,12.3,13.95,9.82,12.15,4,3,5,4,3,"0","2",0.75,NA
"650","sacha fuentefria","Nunursus sacha fuentefria","marseille","9",8,"1",1,5.71,7.49,5.86,1.88,3.89,4.13,1.93,1.14,0.89,1.3,14.5,6.27,7.66,3.43,4.45,4,3,4,3,3,"0","1",0.375,NA
"652","Dodus","Nunursus dodus","marseille","1",6,"1",1,NA,NA,NA,NA,NA,NA,NA,NA,NA,NA,NA,NA,NA,NA,NA,5,3,5,5,5,"1","1",NA,0.25
"654","Germus","Nunursus germus","brest","8",19,"1",2,16.03,20.77,13.94,11.12,9.21,12.98,5.08,7.24,3.29,0.41,42.64,17.97,22.78,18.56,16.25,3,4,4,4,4,"1","2",0.75,NA
"655","Penelope","Nunursus nunursus annivus","marseille","7",22,"1",2,8.44,11.16,7.33,4.12,4.25,5.18,2.07,1.49,1.08,0.43,20.33,12.71,12.14,4.22,5.5,5,5,7,5,2,"1","1",0.75,0.75
"656","Leon","Nunursus leonus","marseille","8",22,"1",1,8.41,8.94,7.33,2.52,4.1,4.7,2.64,1.26,0.85,1.11,19.71,6.41,7.01,7.76,9.53,5,3,3,3,3,"0","2",0.25,0.75
"658","Pollux","Nunursus pollux","angers","9",46,"1",1,14.07,14.05,13.4,7.22,7.29,8.27,3.23,5.83,3.72,1.04,26.84,13.28,13.01,9.62,9.66,5,4,6,5,2,"0","1",1,NA
"661","Laetus","Nunursus laetus","angers","7",27,"2",1,12.52,15.09,12.41,5.42,6.5,7.6,2.04,1.92,1.1,0.59,27.82,12.99,16.86,8.1,10.11,5,3,3,3,1,"1","1",0.5,NA
"670","Deux","Nunursus deus","angers","8",22,"2",5,8.96,10.58,8.81,3.03,4.2,5.16,2.66,1.87,1.31,1.25,18.28,9.12,11.15,8.81,7.62,4,3,3,3,5,"1","2",0.5,NA
"677","Tout doux","Nunursus toudouxi","toulouse_albi","8",22,"1",1,14.28,18.84,13.29,5.33,7.54,9.79,2.45,1.57,1.33,0.92,38.12,14.87,17.77,19.26,17.9,4,3,3,4,1,"1","2",0.6875,NA
"680","Elegant","Nunursus elegantis","toulouse_albi","9",22,"2",1,12.2,16.19,10.05,7.4,6.69,8.82,2.66,1.86,1.32,1.01,30.04,13.6,17.21,10.11,11.28,3,4,3,3,1,"1","1",0.625,NA
"682","ours brun","Nunursus brunus","marseille","9",9,"2",1,12.51,14.1,10.32,3.25,7.11,6.51,2.79,2.29,1.51,1.14,29.67,10.89,14.07,7.53,8.95,5,3,4,4,2,"1","1",0.125,NA
"683","corinne","Nunursus corinnus","limoges","10",16,"2",1,10.93,12.65,11.44,3.48,4.44,5.29,2.11,1.88,1.17,1.25,19.32,10.9,10.34,9.7,8.54,5,3,6,5,2,"0","2",0.75,NA
"687","Caramel","Nunursus caramel","marseille","9",21,"2",1,7.64,11.32,7.63,2.65,4.76,5.2,2.72,1.97,1.3,0.81,18.89,11.41,10.55,4.43,6.23,2,3,3,3,1,"0","1",0.25,NA
"692","Frisus","Nunursus frisus","toulouse_albi","8",19,"1",1,9.46,10.47,7.26,2.11,4.44,5.51,2.73,1.76,1.28,0.55,22.55,8.8,11.25,8.24,10.45,5,5,5,4,4,"1","1",0.75,NA
"693","Creme","Nunursus krema","toulouse_albi","9",19,"1",2,8.57,9.71,7.56,2.47,4.6,4.7,2.08,1.52,0.62,0.85,19.2,7.73,11.04,8.3,6.88,5,2,6,5,2,"0","1",0.3125,NA
"694","Bouillotus","Nunursus oursonus bouillotus","marseille","10",27,"1",3,NA,NA,NA,NA,NA,NA,NA,NA,NA,NA,NA,NA,NA,NA,NA,5,3,7,5,5,"0","1",NA,0.75
"696","Monours","Nunursus monoursa","marseille","6",48,"1",1,21.27,26.55,14.94,5.6,6.5,9.17,7.09,1.88,1.54,2.14,43.03,17.46,18.18,15.72,20.07,5,3,5,5,5,"-1","2",NA,1
"700","Prout","Nunursus lumos","angers","10",28,"1",3,15.6,17.46,15.68,7.06,7.34,9.5,5.74,4.82,3.97,0.89,41.7,16.93,22.41,15.46,25.39,5,4,7,5,1,"0","2",0.875,NA
"701","Calin","Nunursus calinus","toulouse_albi","9",28,"2",0,7.01,7.23,4.94,1.76,2.97,3.45,0.54,0.78,1.13,0.8,16.55,5.67,5.62,5.11,8.52,4,1,4,4,4,"-1","1",0.8125,NA
"702","Pax","Nunursus pax","angers","8",63,"1",6,12.69,12.37,9.03,4.14,5.89,7.54,5.32,2.31,2,1.03,27.11,9.15,11.6,13.55,13.03,5,2,3,5,3,"-1","6",0.5,NA
"704","Casimir","Nunursus casimirus","angers","8",23,"1",0,5.78,5.1,3.95,0.47,2.35,2.63,1.22,0.35,0.21,0.31,14.17,4.94,5.32,7.32,9.83,4,1,2,3,1,"0","2",NA,0.75
"707","Gerontus","Nunursus gerontus","angers","10",40,"1",1,13.11,12.45,10.5,2.22,4.19,4.79,5.65,1.94,1.19,1.36,26.11,9.65,9.21,8.56,10.25,2,3,2,2,1,"0","2",NA,0.75
"713","Caramelus","Nunursus caramelus","angers","8",18,"1",1,10.37,12.24,8.22,3.06,5.96,6.68,3.9,1.51,1.71,1,21.77,10.59,11.44,10.17,9.71,5,4,5,4,4,"0","1",0.625,NA
"714","Ours Polaire","Nunursus ursus polaris","le_mans","7",18,"1",2,13.92,12.77,11.26,5.57,5.67,6.45,3.18,2.34,1.81,1.11,39.93,12.62,12.57,17.08,15.24,4,4,6,5,2,"1","4",1,NA
"719","ours sympatique","Nunursus ursus sympaticus","le_mans","8",20,"1",1,17.71,17.98,17.3,4.77,8.85,10.31,4.24,1.81,1.65,1.4,27.94,16.37,13.56,13.93,16.42,4,3,3,3,3,"1","1",0.25,NA
"721","Polaris","Nunursus polaris","bordeaux","8",5,"1",1,6.37,7.22,5.41,2.21,3.63,4.08,0.51,1.47,0.72,0.39,17.48,6.51,7.05,4,4.48,4,4,5,5,2,"0","3",0.75,NA
"722","Baby bear","Nunursus babybus","bordeaux","8",23,"1",2,9.22,10.96,7.3,3.03,4.86,5.56,0.54,1.99,1.14,0.37,21.6,9.61,12.91,9.45,9.16,4,1,4,4,3,"1","2",0.875,NA
"724","Baggy","Nunursus baggyus","bordeaux","9",9,"2",1,10.75,12.17,8.63,3.51,5.51,8.02,2,2.04,1.75,0.83,29.8,10.74,11.55,14.86,19.09,4,3,5,5,2,"1","2",0.75,NA
"725","Tiphany","Nunursus semper vivum","bordeaux","9",27,"1",2,6.83,8.29,5.86,1.36,3.71,3.99,1.45,0.83,1.02,0.61,14.74,6.8,7.67,6.08,5.85,3,3,2,3,1,"0","1",0.125,NA
"726","Toudou","Nunursus toudus","bordeaux","9",6,"2",1,6.26,5.97,3.72,1.68,2.92,2.97,1.33,0.62,0.72,0.41,14.44,5.06,6.14,5.05,6.27,2,3,3,3,1,"1","1",0.5,NA
"727","Apollus","Nunursus apollus","bordeaux","7",9,"1",2,3.21,3.8,2.51,1.26,2.1,1.99,0.6,0.25,0.18,0.4,6.96,3.26,3.61,1.4,2.06,2,1,2,3,3,"1","1",0.25,NA
"728","Mignon","Nunursus mignonus","bordeaux","9",28,"2",1,5.99,9.4,3.42,2.98,3.61,4.76,1.23,1.2,1.01,0.53,14.93,6.6,8.31,7.88,7.52,5,2,3,5,1,"0","2",0.625,NA
"729","Lili","Nunursus lilius","bordeaux","8",19,"1",1,9.26,9.72,7.69,3.63,4.88,5.9,1.91,1.93,1.21,0.84,23.14,10.08,9.09,12.84,14.61,5,3,3,3,3,"0","2",0.3125,NA
"730","Dou","Nunursus doussorus","bordeaux","8",25,"2",0,6.59,7.91,6.19,1.63,3.28,3.9,1.52,1.5,0.77,0.91,14.94,6.85,10.38,3.51,4.73,2,3,3,3,3,"1","1",0.625,NA
"731","Pipo","Nunursus pipius","bordeaux","9",4,"2",0,9.47,9.51,8.3,2.3,4.73,5.52,2.31,1.24,1.13,0.84,20.06,7.28,9.75,8.08,12.53,4,3,4,4,3,"1","2",NA,0.5
"734","ours rose","Nunursus rosusnours","besancon","14",11,"2",1,10.57,10.56,6.06,4.19,4.67,5.5,2.48,1.79,1.73,1.45,23.67,7.56,8.21,12.83,21.18,5,3,6,5,5,"1","2",1,1
"735","pupuce","Nunursus pupucurs","besancon","7",9,"2",1,12.14,12.94,8.42,2.93,5.78,6.12,3.28,1.77,1.08,1.21,24.82,10.22,11.65,9.72,11.54,5,2,6,5,5,"0","2",1,1
"737","minoucha","Nunursus bratendus","besancon","7",7,"2",0,NA,NA,NA,NA,NA,NA,NA,NA,NA,NA,NA,NA,NA,NA,NA,5,1,4,4,5,"0","2",NA,0.625
"738","doudou","Nunursus doudus","besancon","8",9,"1",1,NA,NA,NA,NA,NA,NA,NA,NA,NA,NA,NA,NA,NA,NA,NA,2,1,3,3,5,"1","6",NA,0.25
"740","bebe oscar","Nunursus infant oscarus","besancon","9",8,"2",0,13.88,14.21,7.38,3.23,4.82,5.21,1.79,1.94,1.12,1.57,29.36,10.31,13.44,9.8,16.56,5,3,6,5,1,"1","2",NA,0.625
"741","nonnon","Nunursus gladius","besancon","8",5,"1",1,10.66,12.09,10.74,2.38,5.14,5.38,2.13,1,1.28,0.89,24.54,7.73,9.08,9.42,10.72,4,2,5,5,3,"0","2",0.5,NA
"742","Nounours","Nunursus trudius","besancon","15",11,"2",2,10.89,10.68,9.76,4.22,4.53,4.77,3.63,2.21,1.74,1.24,23.51,7.63,6.39,7.29,8.25,5,2,3,5,5,"0","2",0.6875,1
"743","timotey","Nunursus pyjamus","besancon","8",41,"1",3,9.34,9.76,9.48,2.3,3.74,4.88,2.08,1.66,1.08,1.34,19.77,9.37,7.07,0,10.71,4,2,2,1,5,"0","2",0.375,1
"744","Poupey","Nunursus poilus","besancon","8",11,"2",2,11.26,13.19,9.64,3.72,5.2,8.2,2.72,1.32,1.15,0.88,22.54,8.98,10.78,6.32,7.37,2,3,3,3,1,"1","1",0.125,NA
"745","Flocon","Nunursus antarticus","besancon","7",10,"2",2,12.19,14.42,9.62,4.62,5.8,7.83,1.29,2.52,1.46,0.37,34.52,16.84,17.93,12.27,15.33,5,5,6,5,4,"1","3",0.833333333333333,0.75
"746","Luigi","Nunursus lucius","besancon","7",10,"1",2,15.75,20.22,13.14,7.01,6.86,7.65,5.32,1.41,1.24,1.6,37.99,13.92,16.71,12.46,18.14,4,4,4,4,3,"1","1",0.75,0.5
"748","ours brun","Nunursus brunus","besancon","10",4,"1",1,23.61,26.62,22.53,4.57,9.21,11.61,6.45,2.55,1.47,2.28,48.47,15.5,19.42,15.65,25.45,3,3,3,3,1,"1","2",0.625,NA
"749","Teddy Bear","Nunursus anglicus","besancon","8",7,"2",1,NA,NA,NA,NA,NA,NA,NA,NA,NA,NA,NA,NA,NA,NA,NA,2,3,4,3,2,"0","2",NA,0.5
"750","Trop chou","Nunursus cucubirtus","besancon","7",6,"1",2,13.9,16.55,12.7,4.87,5.61,9.64,1.55,5.02,3.33,1.33,28.99,12.68,17.37,13.04,9.37,5,2,7,5,4,"1","1",0.875,NA
"751","Flocon de Neige","Nunursus nivanurs","besancon","7",10,"1",0,14.71,14.88,6.94,2.19,5.11,7.54,1.77,2.17,1.84,1.1,29.21,10.31,15.2,11.17,9.29,2,3,4,3,4,"0","2",0.625,NA
"754","Musique","Nunursus musica","besancon","7",9,"1",3,5.35,6.91,4.41,1.38,3.19,3.47,0.74,0.76,0.88,0.28,17.67,6.96,9.86,8.96,0.21,4,1,4,4,2,"1","7",0.375,0.875
"755","lavande","Nunursus violetus","besancon","1",9,"1",4,6.07,6.87,4.06,1.17,3.34,3.75,1.49,1.01,0.66,0.9,12.82,7.27,7.01,4.04,6.15,4,3,4,4,2,"0","2",0.625,NA
"757","rondoudou","Nunursus ronus","besancon","5",8,"2",1,6.54,6.74,3.41,2.38,3.34,4.28,1.3,1.93,1.2,0.63,21.88,8.01,5.22,6.02,2.04,5,1,7,5,5,"1","7",0.75,0.875
"759","Rounounours","Nunursus rununurs","besancon","8",9,"2",1,14,12.24,10.39,3.18,9.43,8.92,2,3.59,2.41,0.47,33.52,8.92,11.27,15.12,22.92,5,1,6,5,5,"1","2",0.8125,1
"760","tatou","Nunursus toutus","besancon","2",12,"1",1,8.32,9.33,5.97,1.33,2.72,4.12,2.11,1.3,0.83,0.98,16.42,8.17,4.24,9.3,12.81,5,2,6,5,3,"-1","2",0.5,1
"761","Ours rose","Nunursus rosa","besancon","9",7,"1",0,NA,NA,NA,NA,NA,NA,NA,NA,NA,NA,NA,NA,NA,NA,NA,3,3,6,5,5,"0","4",NA,0.875
"762","nueve","Nunursus ourus","besancon","8",12,"1",1,8.96,10.61,8.68,2.12,3.41,4.21,1.8,1.49,1.21,0.78,16.1,8.58,8.06,4.39,4.68,2,3,3,3,1,"0","2",0.375,NA
"768","nounouche","Nunursus oursus peluchus","besancon","7",5,"2",1,NA,NA,NA,NA,NA,NA,NA,NA,NA,NA,NA,NA,NA,NA,NA,5,3,7,5,5,"0","1",NA,0.5
"769","plume","Nunursus plumanus","besancon","2",12,"1",1,14.78,14.28,10.61,4.09,6.25,7.44,3.45,3.12,1.84,0.79,33.19,11.86,16.96,10.1,10.93,3,3,3,3,2,"1","1",0.3125,NA
"770","coeur","Nunursus coeurinus","besancon","7",8,"1",1,NA,NA,NA,NA,NA,NA,NA,NA,NA,NA,NA,NA,NA,NA,NA,5,3,5,5,4,"1","2",NA,0.25
"771","mimi","Nunursus mimius","besancon","7",8,"1",1,10.91,12.41,10.4,1.25,5.28,5.69,5.02,0.6,1.46,1.32,25.44,5.71,8.29,7.24,13.51,3,1,3,3,3,"1","2",0.1875,NA
"773","pauline","Nunursus chevalus","besancon","7",8,"1",1,11.4,10.98,10.69,3.85,5.5,6.23,2.91,3,2.39,0.84,28.37,11.84,14.45,12.78,10.66,5,3,4,5,5,"1","1",0.75,0.5
"774","basil","Nunursus basilicus minus","besancon","7",9,"2",0,9.57,9.7,7.15,2.57,4.01,3.48,2.62,1.25,1.28,0.35,23.28,9.41,8.82,10.05,11.33,4,2,5,5,4,"0","2",0.625,0.5
"775","lili","Nunursus lilinus","besancon","8",8,"1",2,NA,NA,NA,NA,NA,NA,NA,NA,NA,NA,NA,NA,NA,NA,NA,4,4,6,5,2,"1","3",NA,0.875
"776","doudou","Nunursus dudus","besancon","15",5,"1",1,12.04,14.25,6.27,4.86,7.59,8.28,2.29,3.8,2.86,1.17,28.67,10.1,11.98,11.44,16.29,5,2,6,5,5,"0","2",NA,1
"782","ours jacinthe","Nunursus ursus hyacinthum","le_mans","2",6,"2",0,7.5,8.18,6.83,3.49,3.94,4.52,1.73,1.64,1.69,0.86,15.67,7.89,8.52,3.68,3.7,5,2,6,5,1,"-1","1",0.125,NA
"783","ours telethon","Nunursus ursus teletonus","le_mans","8",48,"2",1,4.08,4.87,3.22,1.18,1.84,2.01,1.33,0.41,0.69,0.37,9.67,3.85,4.35,3.47,3.75,3,2,3,3,2,"0","1",0,NA
"788","brutus","Nunursus brutus","le_mans","8",8,"1",5,13.84,12.27,8.48,3.04,5.08,5.25,3.84,1.84,1.79,1.02,28.37,10.18,10.79,11.66,13.32,4,2,6,5,4,"1","1",NA,0.875
"789","theo","Nunursus theorumulucius","le_mans","7",8,"1",5,8.77,8.95,7.5,2.44,4.36,5.07,2.41,1.81,1.88,1.2,18.87,7.97,8.83,7.95,11.05,4,3,4,3,3,"0","2",NA,0.625
"793","Loloïd","Nunursus lolo√Ødicus","le_mans","15",11,"1",0,3.82,4.27,2.72,1.63,2.36,2.22,0.54,0.65,0.53,0.44,8.59,3.42,3.8,2.75,3.87,5,1,3,3,2,"1","2",NA,0.625
"794","Paillette","Nunursus pailletam","le_mans","8",11,"1",0,NA,NA,NA,NA,NA,NA,NA,NA,NA,NA,NA,NA,NA,NA,NA,4,4,6,5,2,"1","1",NA,0.75
"796","medvegenok","Nunursus ursus albus","le_mans","7",40,"1",1,9.63,10.34,10.08,0.9,3.09,5.43,2.16,0.71,1.03,0.97,21.2,7.44,10.38,11.94,9.91,4,1,6,5,4,"1","2",0.75,NA
"801","aulait","Nunursus aulaitus","le_mans","1",6,"1",1,6.96,10.69,7.04,3.17,4.75,7.26,1.87,2.63,1.58,0.29,29.9,7,11.53,9.82,0.7,5,2,6,5,5,"0","7",NA,1
"802","orson welles","Nunursus ursus orsonus wellus","le_mans","7",5,"2",3,8.03,7.89,5.57,3.67,4.15,3.74,1.67,1.07,0.89,0.69,20.79,8.23,8.92,7.31,7.2,2,4,4,4,4,"1","1",0.75,NA
"803","Gastelo","Nunursus gasteo jipsus vulgaris","le_mans","9",33,"3",4,38.57,43.98,34.1,16.5,17.53,20.01,10.69,8.57,5.48,2.7,99.25,44.44,48.74,44.95,40.59,4,3,7,5,4,"1","1",0.875,NA
"804","brazoul","Nunursus brazoulus","le_mans","2",23,"2",0,8.47,9.91,9.13,2.77,5.12,5.49,2.35,0.89,0.88,0.62,21.66,8.89,10.56,6.74,6.82,5,1,6,5,4,"1","1",0.75,NA
"805","happy poupi","Nunursus ursus poupilis","le_mans","7",30,"1",1,4.52,5.48,3.83,1.93,2.22,2.77,1.19,0.47,0.57,0.58,7.97,3.59,4.1,2.88,2.62,3,2,3,3,2,"1","1",0.25,NA
"808","ours watson","Nunursus watson","le_mans","9",19,"1",2,11.43,10.43,8.82,4.83,5.59,6.67,2.84,1.05,0.87,0.81,25.23,9.61,12.51,9.28,11.04,5,3,7,5,4,"0","1",0.75,NA
"811","Poupi","Nunursus poupinus","besancon","8",58,"1",4,9.57,10.51,7.7,2.74,3.62,4.87,2.57,1.28,1.04,0.87,18.91,8.41,7.24,8.78,12.34,5,3,4,4,3,"0","2",0.5625,NA
"812","remus","Nunursus remu","le_mans","9",10,"1",1,15.13,15.83,11.78,6.11,7.82,7.03,4.21,3.29,3.58,0.79,34.93,16.73,15.79,16.25,19.66,4,4,4,4,2,"1","2",NA,0.875
"818","Puppy","Nunursus pupinus","besancon","9",21,"2",1,10.85,12.52,12.01,2.93,6.32,6.37,3.77,2.71,2.41,1.16,24.29,11.54,12.63,7.38,9.43,5,3,4,4,5,"1","2",0.5,0.75
"819","Jeje","Nunursus maximus","besancon","9",26,"1",1,25.94,28,28.29,7.52,10.04,12.57,6.52,3.39,2.22,2.36,53.75,15.05,20.14,17.47,26.57,3,3,4,4,2,"1","2",0.4375,NA
"820","Boulgom","Nunursus boulgum","le_mans","9",37,"2",2,7.31,6.91,3.53,2.04,3.12,3.05,2.96,0.7,0.62,0.95,14.07,4.34,6.02,3.68,4.43,5,3,5,5,5,"0","1",NA,1
"821","Gigi","Nunursus gigantus","besancon","7",11,"1",3,18.19,18.45,16.69,4.97,9.61,5.77,4.15,3.59,2.34,1.42,53.1,18.99,22.25,22.16,25.04,4,4,6,5,5,"0","4",1,0.75
"822","nounours","Nunursus lupilus","le_mans","9",9,"1",0,14.68,16.34,14.5,4.14,6.57,7.71,3.47,4.48,2.84,1.06,35,13.57,15.05,14.59,17.56,5,4,7,5,5,"1","2",1,1
"823","doudours","Nunursus jaunus","besancon","4",19,"1",4,20.05,20.73,18.32,5.69,7.58,11.58,5.47,4.26,3.87,1.38,45.43,17.2,21.07,16.02,17.47,4,2,4,4,1,"0","2",0.5,NA
"824","Charly","Nunursus charlynurs","besancon","8",6,"1",1,NA,NA,NA,NA,NA,NA,NA,NA,NA,NA,NA,NA,NA,NA,NA,3,3,3,3,3,"0","2",NA,0.375
"825","Teddy","Nunursus teddinus ours blancus","le_mans","8",10,"1",0,13.84,13.93,10.72,3.63,4.68,7.24,3.61,2.88,2.37,1.2,26.37,13.68,14.98,12.01,13.44,5,4,5,4,4,"-1","2",0.75,0.75
"826","Fufu","Nunursus poilus","besancon","10",5,"2",1,21.47,29.14,28.14,7.12,10.96,12.08,6.83,1.5,1.76,1.63,51.41,20.95,25.45,20.78,18.31,3,2,4,4,5,"1","1",0.875,0.75
"827","Teddy","Nunursus sabarlus","besancon","7",10,"1",2,NA,NA,NA,NA,NA,NA,NA,NA,NA,NA,NA,NA,NA,NA,NA,5,4,7,5,1,"0","2",NA,0.75
"829","ours blanc","Nunursus ours blancus","besancon","7",33,"2",1,8.97,11.54,8.9,4.14,5.91,4.3,1.76,0.69,2.37,0.16,25.01,9.16,10.79,6.49,7.11,4,3,7,5,2,"1","3",0.875,NA
"830","Baba","Nunursus babinus","besancon","2",8,"1",0,9.69,11.66,6.38,3.06,8.31,8.47,5.48,2.9,3.04,0.48,27.36,9.1,11.31,13.39,18.13,5,2,3,5,3,"0","2",0.5625,1
"832","vieil ours","Nunursus vieilursus","le_mans","8",70,"2",0,10.42,12.54,5.19,2.26,4.52,5.02,2.51,0.92,0.7,1.27,30.23,10.75,12.21,13.78,18.85,2,1,3,4,2,"-1","2",NA,0.625
"834","Angelo","Nunursus angelus","besancon","12",9,"1",1,13.75,15.59,14.67,4.61,6.61,7.53,2.38,3.91,2.5,1.64,29.86,12.25,14.12,8.69,10.33,4,3,5,5,1,"1","1",0.375,NA
"835","clem","Nunursus clemus","le_mans","8",12,"1",1,19.49,19.78,17.06,7.21,12.73,9.44,5.87,7.59,4.6,1.55,43.42,20.21,18.01,19.82,22.72,5,4,7,5,5,"-1","2",1,1
"836","Fluffy","Nunursus fluflu","besancon","9",35,"2",3,7.41,8.26,6.32,1.63,3.49,3.71,1.57,0.56,0.72,0.87,14.34,6.78,7.03,4.23,5.33,2,2,3,2,2,"0","2",NA,0.75
"837","Sushi","Nunursus ursus japonicus","besancon","7",40,"1",1,10.31,9.33,8.74,3.3,4.58,4.8,1.82,1.55,1.22,0.92,18.32,9.45,8.95,4.2,4.3,5,3,7,5,5,"0","1",0.5,0.75
"840","Nina","Nunursus ninus","besancon","7",7,"1",1,9.28,10.4,8.87,3.35,4.12,4.85,2.13,1.82,1.27,0.53,20.28,8.35,7.83,5.75,8.18,2,3,4,5,1,"0","1",0.25,NA
"841","Nounours","Nunursus altus","besancon","8",12,"2",0,22.57,24.86,18.87,6.1,8.77,9.63,6.5,2.27,1.8,2.85,47.77,16.49,20.65,18.35,25.46,3,3,4,3,3,"1","2",0.75,NA
"842","Marius","Nunursus marius","besancon","15",63,"1",1,9.24,10.17,6.47,1.38,3.13,5.26,0.39,2.19,1.51,0.62,18.24,6.64,7.55,5.95,6.49,5,2,7,5,4,"0","1",0.5,NA
"843","ours watson","Nunursus ursus watson","le_mans","9",44,"1",3,10.42,10.29,9.32,3.86,5.4,6.48,3.47,0.87,1,0.91,22.18,9.57,10.81,7.86,10.95,5,3,5,5,4,"0","2",1,NA
"845","doudou","Nunursus doudous","le_mans","15",6,"1",0,NA,NA,NA,NA,NA,NA,NA,NA,NA,NA,NA,NA,NA,NA,NA,4,3,3,3,5,"0","2",NA,1
"846","doux","Nunursus dulce","le_mans","5",9,"1",1,10.86,14,9.18,5.58,5.23,6.71,1.79,2.38,2.53,0.8,26.07,9.58,9.8,11.85,10.24,5,4,4,4,4,"1","1",0.625,NA
"848","Malo","Nunursus malonunus","le_mans","9",17,"1",2,24.55,24.59,20.92,7.09,6.84,11.02,5.11,4.3,2.62,2.14,54.32,15.21,18.83,20.28,32.03,5,4,4,4,3,"-1","2",0.625,0.75
"849","Edgar","Nunursus edgarus siluus","le_mans","15",53,"1",2,19,23.19,18.22,5.56,7.07,10.42,5.85,2.75,2.37,1.84,51,16.65,25.16,19.23,19.44,5,2,7,5,5,"0","2",0.75,NA
"853","Paddington","Nunursus paddingtonus","le_mans","9",10,"1",0,5.82,6.6,5.28,1.38,2.58,2.97,0.24,1.19,0.84,0.52,16.91,6.29,6.83,6.34,6.54,5,3,6,5,5,"0","2",NA,0.625
"854","Kellogs","Nunursus kellogsus","le_mans","9",13,"2",4,12.75,15.51,12.08,3.6,5.2,7.55,3.19,1.79,1.49,1.32,26.43,13.08,17.49,8.29,9.2,4,3,4,4,3,"0","1",NA,0.75
"856","Vievieu","Nunursus vievus","le_mans","7",10,"1",4,22.63,23.36,21.92,6.79,7.9,13.02,7.44,3.74,3.23,2.28,45.91,13.08,11.37,9.48,13.34,2,2,2,1,1,"0","1",0.25,NA
"857","calinours","Nunursus roseo","le_mans","14",14,"1",4,8.27,9.26,8.48,3.49,3.82,4.12,1.8,0.93,1.4,0.62,21.24,6.15,9.77,8.95,8.84,4,1,4,4,2,"0","2",0.125,0.375
"861","Ronin","Nunursus roninus","le_mans","11",8,"1",0,15.85,16.43,15.31,4.84,5.2,9.44,4.67,3.69,2.8,1.21,37.53,14.13,18.67,13.58,24.53,5,4,7,5,5,"1","2",NA,0.875
"863","Pandi","Nunursus pandus","le_mans","7",10,"2",2,16.22,16.34,15.42,6.32,8.09,7.03,3.17,3.77,1.56,2,44.02,19.41,24.91,21.36,24.99,5,3,7,5,5,"0","1",0.875,1
"866","Doudoune","Nunursus doudounus","le_mans","9",10,"1",1,NA,NA,NA,NA,NA,NA,NA,NA,NA,NA,NA,NA,NA,NA,NA,4,2,4,4,4,"1","2",NA,0.75
"868","Lolo","Nunursus lolum","le_mans","8",12,"1",0,11.24,11.89,12.13,4.35,6.41,5.82,3.15,1.82,1.24,1.07,32.21,9.31,13.94,16.83,16.33,5,3,3,3,5,"-1","2",NA,1
"871","Grand Doudou","Nunursus grandus doudus","le_mans","8",6,"1",1,7.4,7.22,5.97,1.06,2.67,3.65,1.91,1.24,0.8,0.58,17.87,5.89,5.35,7.82,9.06,5,2,5,5,2,"0","2",NA,1
"874","Pepito","Nunursus pepitus","le_mans","9",11,"2",0,7.92,7.84,6.44,1.92,3.7,4.29,2.45,0.73,1.04,0.98,18.45,8.05,8.26,9.23,8.46,5,3,5,5,5,"0","2",NA,1
"880","Nounours","Nunursus nounoursus","le_mans","7",10,"1",2,16.94,18.93,13.96,3.03,4.62,8.51,4.26,1.76,1.69,1.2,33.44,14.36,17.1,14.26,14.69,5,3,3,3,5,"-1","2",NA,0.75
"882","Tartan","Nunursus tartarus","le_mans","3",11,"1",0,9.59,9.9,9.13,2.81,3.46,4.96,2.95,1.7,1.15,1.63,16.09,7.81,10.28,4.71,8.51,4,3,4,3,5,"0","2",0.5,NA
"885","ours mbappe","Nunursus ursus footbalisticus","le_mans","8",16,"1",2,6.97,8.82,6.1,2.15,2.34,3.21,1.52,1.15,0.69,0.66,16.89,6.57,7.03,6.28,6.08,4,3,3,3,1,"0","1",0.5,NA
"886","ours rose","Nunursus rosa","le_mans","7",56,"1",4,10.68,10.62,6.86,2.81,3.74,4.67,2.66,1.64,1.56,0.92,21.2,7.26,5.8,7.16,0.55,2,2,4,4,2,"1","7",0.625,NA
"890","Bebe","Nunursus ursus infanten","le_mans","7",9,"2",1,7.65,9.82,6.04,3.39,6.31,5.35,1.76,1.5,0.86,1.29,22.14,12.39,14.52,6.81,4.36,1,3,6,5,2,"0","1",0.375,NA
"896","Cookie","Nunursus noctibus","autre","15",34,"3",2,8.88,8.35,6.36,2.43,3.18,3.03,3.74,0.65,0.85,0.37,14.39,5.15,6.02,4.35,4.35,1,2,4,4,1,"0","1",0.3125,NA
"897","Brownie","Nunursus nunursus plana hominus","autre","10",37,"2",0,11.97,11.1,4.17,1.01,2.9,3.11,3.78,1.15,1.11,1.47,29.61,9.42,7.5,10.15,10.35,4,3,3,3,3,"-1","2",0.1875,NA
"898","echarpus","Nunursus echarpus","autre","9",8,"2",1,14.19,16.48,15.17,3.88,4.91,8.06,4.39,2.36,1.49,0.87,28.87,11.47,14.32,13.18,11.45,4,3,4,4,3,"1","1",1,NA
"899","Creme Fraiche","Nunursus cremus fraichus","autre","16",12,"2",1,9.47,10.17,7.76,1.41,2.93,3.49,2.46,0.96,0.67,0.58,17.34,8.05,9.04,7.62,6.72,3,3,3,2,1,"0","2",0.625,NA
"900","Nounours","Nunursus chatouillus","autre","8",26,"1",0,10.43,13.4,10.51,4.05,4.66,6.84,3.76,1.92,1.35,1.08,20.07,11.85,11.36,6.35,7.69,4,3,4,4,4,"1","1",0.875,NA
"903","Calin","Nunursus calinus distingus","autre","10",6,"NA",0,20.55,29.65,18.34,5.86,9.57,10.75,6.38,3.59,3.19,2.08,45.24,21.38,23.18,14.32,16.07,4,2,5,4,1,"1","2",NA,0.625
"905","numi","Nunursus noemius","autre","7",13,"2",2,34.45,36.81,29.06,16.76,15.06,18.31,6.63,7.99,6.89,3,75.18,24.32,26.68,33.3,50.62,4,4,4,4,1,"1","2",0.5,NA
"906","Mousse","Nunursus moussus","autre","7",8,"1",1,13.1,15.53,13.59,6.67,6.49,7.58,0.65,2.47,2.36,0.61,28.55,12.25,13.15,8.96,10.47,4,2,3,4,1,"0","1",0.375,0.75
"907","Stella","Nunursus stellus","toulouse_albi","12",10,"1",1,20.32,28.04,20.48,6.93,7.28,9.61,3.01,4.07,1.82,2.69,36.15,15.28,15.84,16.37,15.2,3,3,3,3,4,"0","1",0.125,0.375
"909","Joko","Nunursus jokus colorus","autre","6",38,"2",1,17.61,20.94,8.87,1.68,6.34,5.84,3.51,1.64,1.69,1.56,42.18,12.01,13.69,11.09,7.93,1,1,1,1,1,"1","6",0.375,NA
"910","Doudo","Nunursus somnus","autre","7",8,"1",1,NA,NA,NA,NA,NA,NA,NA,NA,NA,NA,NA,NA,NA,NA,NA,1,1,4,4,4,"1","7",NA,0.25
"912","Nounours au noeud","Nunursus oursoursus","autre","9",6,"1",1,8.73,10.66,8.1,2.86,3.33,4.35,2.46,1.65,1.09,0.6,15.1,7.11,8.21,6.2,5.7,2,4,6,5,3,"0","1",0.625,NA
"915","Doudou a poche","Nunursus poketus","autre","4",15,"2",2,16.26,15.62,9.78,4.34,7.28,7.07,2.93,2.05,1.61,0.71,44.02,12.83,18.51,20.81,32.55,4,1,4,4,4,"1","2",NA,0.875
"917","Matus","Nunursus matus","autre","8",12,"2",1,10.73,11.18,9.18,3.91,4.44,5.31,2.62,2.21,1.47,0.92,21.98,10.06,11.39,8.46,11.34,4,2,4,4,1,"0","2",0.375,NA
"918","Nounours","Nunursus oursonus","autre","8",28,"2",1,13.4,12.92,12.08,4,5.26,6.56,2.3,2.08,1.36,1.06,28.96,8.83,11.23,11.54,10.93,4,3,5,5,1,"1","2",0.4375,NA
"919","Citron vert","Nunursus decousus","toulouse_albi","5",29,"1",2,11.3,11.96,9.1,4.39,5.46,7.72,2.86,1.05,1.09,0.71,22.48,8.55,10.3,7.55,8.69,5,3,4,4,4,"1","1",0.625,NA
"923","Winnie","Nunursus winnus","autre","4",13,"1",2,16.87,15.32,13.96,8.3,9.43,7.89,4.12,3.78,2.91,1.26,41.79,12.21,12.31,17.43,17.84,4,2,4,4,2,"1","2",0.5,NA
"928","Noni le malinus","Nunursus nonilemalinus","saint_etienne","2",7,"2",1,NA,NA,NA,NA,NA,NA,NA,NA,NA,NA,NA,NA,NA,NA,NA,5,3,7,5,4,"1","3",NA,0.5
"931","Noiro","Nunursus noirotus","saint_etienne","12",4,"2",1,NA,NA,NA,NA,NA,NA,NA,NA,NA,NA,NA,NA,NA,NA,NA,4,3,3,3,4,"1","3",NA,0.75
"936","Popinou","Nunursus popinursus","saint_etienne","4",13,"1",3,4.96,4.75,4.06,1.08,2.35,2.15,1.08,0.72,0.61,0.6,9.38,3.58,3.4,1.38,2.47,3,1,2,2,2,"0","2",0.125,NA
"937","Lulu","Nunursus lulus","saint_etienne","8",10,"1",2,7.16,8.89,7.55,2.44,4.53,4.58,2.6,1.82,1.62,0.9,16.52,8.63,9.28,9.95,8.15,4,3,4,4,5,"0","1",0.5,NA
"939","Tromignon","Nunursus tromignonus","saint_etienne","8",7,"2",1,7.62,9.12,7.43,3.01,3.47,5.17,1.64,1.25,1.11,0.72,21.23,8.01,10.81,8.64,8.34,4,3,4,3,4,"1","2",0.375,1
"940","Nounou","Nunursus nounouus","saint_etienne","2",10,"1",1,10.94,10.99,10.29,1.6,4.03,3.92,1.82,1.59,1.43,1.29,17.75,6.6,6.77,3.88,6.01,5,3,4,4,4,"-1","1",0.5,0.625
"946","Nounourson","Nunursus bleueus petitus","saint_etienne","2",8,"1",1,4.65,5.74,3.75,1.38,3.19,3.5,0.86,1.1,1.11,0.4,10,5.14,5.1,2.74,3.35,3,3,3,3,3,"1","1",0,NA
"948","Neige","Nunursus neigum","saint_etienne","7",6,"2",1,NA,NA,NA,NA,NA,NA,NA,NA,NA,NA,NA,NA,NA,NA,NA,5,4,7,5,5,"1","1",NA,0.875
"951","Neige","Nunursus neigus","saint_etienne","7",10,"1",1,10.26,11.27,9.37,4.12,5.25,6.12,0.96,2.6,2,1.25,25.03,10,13.29,6.09,10.31,4,4,5,5,5,"0","1",0.75,0.875
"952","Glace","Nunursus glacous","saint_etienne","7",10,"1",1,9.29,9.79,7.45,5.03,4.56,5.15,2.21,2.64,2.05,0.88,23.53,11.09,10.75,9.28,7.44,4,4,3,3,4,"0","1",0.375,0.5
"955","Niska","Nunursus niska-us","saint_etienne","8",8,"2",2,4.28,5.27,2.86,1.2,2.43,3.05,1.29,0.97,0.4,0.38,11.95,4.06,5.45,5.33,6.38,4,1,4,4,1,"1","2",0,NA
"959","Doudou l'ours","Nunursus doudou","saint_etienne","16",8,"2",2,7.74,8.73,6.34,2.52,3.96,3.73,2.23,1.45,1.19,0.76,18.29,6.66,9.09,7.97,9.5,5,2,4,4,3,"1","2",0.25,1
"960","Nounours","Nunursus nounoursus","saint_etienne","15",41,"1",1,23.51,27.59,18.9,3.19,9.77,11.74,5.15,3.54,3.2,1.57,47.54,22.94,27.03,16.3,17.47,5,3,4,5,3,"1","2",0.5,0.375
"963","Choupette","Nunursus choupatum","saint_etienne","7",13,"1",1,4.52,6.07,4.09,1.43,1.96,2.34,1.22,0.61,0.61,0.45,8.17,4.56,5.03,2.24,3.13,1,2,3,2,1,"0","1",0.375,NA
"964","Enzo bear","Nunursus catalanus","saint_etienne","7",40,"2",0,9.71,10.63,9.37,2.75,4.78,5.72,2.03,1.39,1.59,0.8,17.31,8.84,8.8,6.02,5.12,5,3,4,4,1,"0","1",0.375,NA
"966","Buffalo","Nunursus buffalam","saint_etienne","15",13,"1",1,5.05,6.05,4.32,2.37,2.26,2.71,2.27,0.85,1.03,0.49,12.69,5.29,5.35,4.57,4.48,2,3,3,3,4,"1","1",0.375,NA
"967","Cookise","Nunursus nunursuscookisusse","saint_etienne","8",9,"1",1,11.9,16.64,10.81,4.09,6.66,7.9,2.82,1.2,1.65,0.61,32.27,15.23,15.98,12.22,17.09,2,1,3,3,1,"1","2",0.125,NA
"969","Serviette","Nunursus servietus","saint_etienne","2",6,"1",2,4.1,4.71,3.44,1.68,1.82,2.82,0.59,0.75,0.32,0.24,14.63,8.08,2.53,1.42,2.91,5,2,4,5,2,"1","6",0.125,NA
"970","ours rouge","Nunursus rougus","autre","6",6,"NA",0,12.51,16.28,14.7,6.72,8.14,8.82,2.69,3.09,2.01,0.81,33.3,18.76,22.01,16.88,17.98,4,3,3,2,2,"0","4",0.375,NA
"971","Electorus","Nunursus electorus","autre","15",9,"2",1,6.5,7.03,5.74,2.08,3.1,3.33,1.99,0.67,0.9,0.49,16.07,6.81,8.34,5.92,5.83,5,4,7,5,4,"1","2",0.875,NA
"973","ours blanco","Nunursus ours blanco","autre","7",6,"1",2,NA,NA,NA,NA,NA,NA,NA,NA,NA,NA,NA,NA,NA,NA,NA,5,3,5,4,4,"1","7",NA,0.875
"975","Marcus","Nunursus plantigtradus chinoisus","autre","13",8,"2",1,10.4,10,8.31,3.07,4.95,4.75,1.75,1.35,0.95,1.03,23.88,9.25,12.1,7.85,9.29,5,3,7,5,5,"0","1",0.625,NA
"976","Doudou etiquette","Nunursus etiquettus","autre","9",7,"2",2,13.58,15.51,10.04,4.34,4.89,5.85,4.03,1.45,1.63,0.82,28.65,11.09,11.64,14.09,15,3,3,5,5,4,"1","2",0.6875,NA
"977","Pyrennes","Nunursus pyreneus","autre","9",11,"1",2,4.69,5.3,4.77,1.86,2.96,3.27,1.42,1.45,0.96,0.38,10.67,4.58,5.53,4.29,5.2,3,3,3,3,2,"1","2",0.25,0.75
"979","Mielo","Nunursus winnus","autre","4",12,"1",3,18.28,17.38,15.82,7,8.17,8.4,4.28,4.2,2.59,1.08,38.81,13.67,16.79,14.36,16.08,4,7,4,4,3,"1","2",0.75,NA
"980","Decousus","Nunursus decousus","autre","4",11,"1",0,11.71,13.73,10.85,3.28,6.08,8.49,1.81,0.95,1.08,0.94,24.42,9.85,11.36,8.2,9.89,2,3,3,3,1,"1","1",0.3125,NA
"981","Chatouille","Nunursus chatouillus","autre","8",11,"1",1,8.98,12.53,9.16,2.59,5.05,6.07,2.06,1.78,1.4,0.94,19.9,10.03,12,6.04,6.39,5,4,4,4,3,"1","1",0.75,NA
"984","Bernie","Nunursus antonus","autre","10",52,"2",0,9.85,8.08,8.26,4.3,5.7,6.49,2.87,2.46,1.34,0.66,21.44,8.53,9.51,10.11,11.63,4,4,4,4,3,"0","2",0.5,NA
"985","Ours rose","Nunursus rosea pallidus","autre","14",5,"1",3,10.81,13.18,10.94,3.92,5.74,6.95,2.55,1.7,1.13,1.13,22.82,10.82,12.06,9.49,7.06,5,2,3,5,5,"1","1",0.6875,NA
"986","Etoile","Nunursus nunursus","paris","2",54,"1",2,6.96,6.94,5.86,2.15,3.44,3.26,1.5,0.69,0.77,0.54,14.41,6.61,9.24,2.36,7.18,4,1,4,4,2,"1","2",0.625,NA
"987","Hatimon","Nunursus vicinosa","paris","14",25,"2",1,4.46,4.93,4.54,2.34,2.45,2.55,1.14,0.59,0.75,0.36,10.5,4.49,5.44,3.9,3.53,4,2,3,3,1,"0","1",0.0625,NA
"989","Marcel","Nunursus marcelus","paris","8",39,"1",1,15.33,15.49,13.24,6.86,8.69,8.15,4.88,3.18,2.91,1.43,39.44,14.23,20.31,12.92,13.78,4,3,4,4,5,"0","2",0.5,1
"990","Expa","Nunursus expavidius","paris","7",8,"2",0,13.37,16.31,12.87,5.98,6.57,7.38,2.65,2.55,1.97,1.53,29.99,15.74,17.01,11.52,11.95,3,4,6,5,3,"1","1",0.8125,NA
"993","Micha","Nunursus macharus","paris","9",72,"1",1,11.77,15.04,11.29,4.43,5.4,6.39,3.45,1.56,1.22,0.69,24.4,13.19,14.16,9.75,13.64,4,6,4,4,4,"0","2",0.75,1
"994","doudou","Nunursus duda","paris","7",49,"1",1,7.4,9.23,6.87,2.59,2.88,3.04,0.37,1.48,1.18,0.57,16.55,6.55,7.62,5.28,5.82,5,3,5,5,2,"1","1",0.4375,NA
"998","Gros GG","Nunursus gegeus maximus","paris","9",15,"2",3,12.94,13.81,9.51,6.03,7.42,9.51,2.69,4.4,3.15,1.2,36.43,13.88,17.14,15.11,10.11,4,4,3,3,4,"1","1",NA,1
"999","love","Nunursus lovulus","paris","7",51,"1",2,9.64,13.04,8.89,3.48,4,4.25,2.57,1.85,1.21,1.41,24.72,12.24,10.83,7.24,9.84,2,4,4,4,2,"1","1",NA,0.625
